Driver,DriverFullName,Team,LapTime,Compound,TrackStatus,Position,LapTimeSeconds
VER,Max Verstappen,Red Bull Racing,0 days 00:01:20.402000,MEDIUM,1,1.0,80.402
VER,Max Verstappen,Red Bull Racing,0 days 00:01:20.499000,MEDIUM,1,1.0,80.499
VER,Max Verstappen,Red Bull Racing,0 days 00:01:20.346000,MEDIUM,1,1.0,80.346
VER,Max Verstappen,Red Bull Racing,0 days 00:01:20.283000,MEDIUM,1,1.0,80.283
VER,Max Verstappen,Red Bull Racing,0 days 00:01:20.402000,MEDIUM,1,1.0,80.402
VER,Max Verstappen,Red Bull Racing,0 days 00:01:20.476000,MEDIUM,1,1.0,80.476
VER,Max Verstappen,Red Bull Racing,0 days 00:01:19.894000,MEDIUM,1,1.0,79.894
VER,Max Verstappen,Red Bull Racing,0 days 00:01:20.282000,MEDIUM,1,1.0,80.282
VER,Max Verstappen,Red Bull Racing,0 days 00:01:20.334000,MEDIUM,1,1.0,80.334
VER,Max Verstappen,Red Bull Racing,0 days 00:01:20.520000,MEDIUM,1,1.0,80.52
VER,Max Verstappen,Red Bull Racing,0 days 00:01:20.442000,MEDIUM,1,1.0,80.442
VER,Max Verstappen,Red Bull Racing,0 days 00:01:20.178000,MEDIUM,1,1.0,80.178
VER,Max Verstappen,Red Bull Racing,0 days 00:01:20.378000,MEDIUM,1,1.0,80.378
VER,Max Verstappen,Red Bull Racing,0 days 00:01:20.282000,MEDIUM,1,1.0,80.282
VER,Max Verstappen,Red Bull Racing,0 days 00:01:20.186000,MEDIUM,1,1.0,80.186
VER,Max Verstappen,Red Bull Racing,0 days 00:01:20.344000,MEDIUM,1,1.0,80.344
VER,Max Verstappen,Red Bull Racing,0 days 00:01:20.258000,MEDIUM,1,1.0,80.258
VER,Max Verstappen,Red Bull Racing,0 days 00:01:20.068000,MEDIUM,1,1.0,80.068
VER,Max Verstappen,Red Bull Racing,0 days 00:01:19.988000,MEDIUM,1,1.0,79.988
VER,Max Verstappen,Red Bull Racing,0 days 00:01:20.087000,MEDIUM,1,1.0,80.087
VER,Max Verstappen,Red Bull Racing,0 days 00:01:19.869000,MEDIUM,1,1.0,79.869
VER,Max Verstappen,Red Bull Racing,0 days 00:01:20.098000,MEDIUM,1,1.0,80.098
VER,Max Verstappen,Red Bull Racing,0 days 00:01:19.946000,MEDIUM,1,1.0,79.946
VER,Max Verstappen,Red Bull Racing,0 days 00:01:19.973000,MEDIUM,1,1.0,79.973
VER,Max Verstappen,Red Bull Racing,0 days 00:01:18.707000,HARD,1,1.0,78.707
VER,Max Verstappen,Red Bull Racing,0 days 00:01:18.860000,HARD,1,1.0,78.86
VER,Max Verstappen,Red Bull Racing,0 days 00:01:18.976000,HARD,1,1.0,78.976
VER,Max Verstappen,Red Bull Racing,0 days 00:01:19.165000,HARD,1,1.0,79.165
VER,Max Verstappen,Red Bull Racing,0 days 00:01:18.878000,HARD,1,1.0,78.878
VER,Max Verstappen,Red Bull Racing,0 days 00:01:19.189000,HARD,1,1.0,79.189
VER,Max Verstappen,Red Bull Racing,0 days 00:01:18.806000,HARD,1,1.0,78.806
VER,Max Verstappen,Red Bull Racing,0 days 00:01:18.890000,HARD,1,1.0,78.89
VER,Max Verstappen,Red Bull Racing,0 days 00:01:18.789000,HARD,1,1.0,78.789
VER,Max Verstappen,Red Bull Racing,0 days 00:01:19.026000,HARD,1,1.0,79.026
VER,Max Verstappen,Red Bull Racing,0 days 00:01:19.417000,HARD,1,1.0,79.417
VER,Max Verstappen,Red Bull Racing,0 days 00:01:19.322000,HARD,1,1.0,79.322
VER,Max Verstappen,Red Bull Racing,0 days 00:01:19.388000,HARD,1,1.0,79.388
VER,Max Verstappen,Red Bull Racing,0 days 00:01:19.530000,HARD,1,1.0,79.53
VER,Max Verstappen,Red Bull Racing,0 days 00:01:19.092000,HARD,1,1.0,79.092
VER,Max Verstappen,Red Bull Racing,0 days 00:01:18.912000,HARD,1,1.0,78.912
VER,Max Verstappen,Red Bull Racing,0 days 00:01:18.970000,HARD,1,1.0,78.97
VER,Max Verstappen,Red Bull Racing,0 days 00:01:19.104000,HARD,1,1.0,79.104
VER,Max Verstappen,Red Bull Racing,0 days 00:01:18.840000,HARD,1,1.0,78.84
VER,Max Verstappen,Red Bull Racing,0 days 00:01:19.109000,HARD,1,1.0,79.109
VER,Max Verstappen,Red Bull Racing,0 days 00:01:18.953000,HARD,1,1.0,78.953
VER,Max Verstappen,Red Bull Racing,0 days 00:01:19.093000,HARD,1,1.0,79.093
VER,Max Verstappen,Red Bull Racing,0 days 00:01:19.221000,HARD,1,1.0,79.221
VER,Max Verstappen,Red Bull Racing,0 days 00:01:18.768000,HARD,1,1.0,78.768
VER,Max Verstappen,Red Bull Racing,0 days 00:01:17.473000,SOFT,1,1.0,77.473
VER,Max Verstappen,Red Bull Racing,0 days 00:01:17.766000,SOFT,1,1.0,77.766
VER,Max Verstappen,Red Bull Racing,0 days 00:01:17.183000,SOFT,1,1.0,77.183
VER,Max Verstappen,Red Bull Racing,0 days 00:01:17.306000,SOFT,1,1.0,77.306
VER,Max Verstappen,Red Bull Racing,0 days 00:01:17.502000,SOFT,1,1.0,77.502
VER,Max Verstappen,Red Bull Racing,0 days 00:01:17.761000,SOFT,1,1.0,77.761
VER,Max Verstappen,Red Bull Racing,0 days 00:01:18.205000,SOFT,1,1.0,78.205
VER,Max Verstappen,Red Bull Racing,0 days 00:01:16.330000,SOFT,1,1.0,76.33
VER,Max Verstappen,Red Bull Racing,0 days 00:01:18.014000,SOFT,1,1.0,78.014
VER,Max Verstappen,Red Bull Racing,0 days 00:01:17.697000,SOFT,1,1.0,77.697
VER,Max Verstappen,Red Bull Racing,0 days 00:01:18.559000,SOFT,1,1.0,78.559
VER,Max Verstappen,Red Bull Racing,0 days 00:01:17.611000,SOFT,1,1.0,77.611
VER,Max Verstappen,Red Bull Racing,0 days 00:01:17.708000,SOFT,1,1.0,77.708
HAM,Lewis Hamilton,Mercedes,0 days 00:01:20.839000,SOFT,1,4.0,80.839
HAM,Lewis Hamilton,Mercedes,0 days 00:01:20.962000,SOFT,1,4.0,80.962
HAM,Lewis Hamilton,Mercedes,0 days 00:01:20.755000,SOFT,1,4.0,80.755
HAM,Lewis Hamilton,Mercedes,0 days 00:01:20.705000,SOFT,1,4.0,80.705
HAM,Lewis Hamilton,Mercedes,0 days 00:01:20.488000,SOFT,1,4.0,80.488
HAM,Lewis Hamilton,Mercedes,0 days 00:01:20.478000,SOFT,1,3.0,80.478
HAM,Lewis Hamilton,Mercedes,0 days 00:01:20.812000,SOFT,1,3.0,80.812
HAM,Lewis Hamilton,Mercedes,0 days 00:01:20.710000,SOFT,1,3.0,80.71
HAM,Lewis Hamilton,Mercedes,0 days 00:01:20.646000,SOFT,1,3.0,80.646
HAM,Lewis Hamilton,Mercedes,0 days 00:01:20.504000,SOFT,1,3.0,80.504
HAM,Lewis Hamilton,Mercedes,0 days 00:01:20.552000,SOFT,1,3.0,80.552
HAM,Lewis Hamilton,Mercedes,0 days 00:01:20.785000,SOFT,1,3.0,80.785
HAM,Lewis Hamilton,Mercedes,0 days 00:01:20.865000,SOFT,1,2.0,80.865
HAM,Lewis Hamilton,Mercedes,0 days 00:01:19.733000,SOFT,1,2.0,79.733
HAM,Lewis Hamilton,Mercedes,0 days 00:01:20.253000,SOFT,1,2.0,80.253
HAM,Lewis Hamilton,Mercedes,0 days 00:01:20.172000,SOFT,1,2.0,80.172
HAM,Lewis Hamilton,Mercedes,0 days 00:01:20.324000,SOFT,1,2.0,80.324
HAM,Lewis Hamilton,Mercedes,0 days 00:01:20.527000,SOFT,1,2.0,80.527
HAM,Lewis Hamilton,Mercedes,0 days 00:01:20.681000,SOFT,1,2.0,80.681
HAM,Lewis Hamilton,Mercedes,0 days 00:01:20.562000,SOFT,1,2.0,80.562
HAM,Lewis Hamilton,Mercedes,0 days 00:01:20.786000,SOFT,1,2.0,80.786
HAM,Lewis Hamilton,Mercedes,0 days 00:01:19.629000,MEDIUM,1,4.0,79.629
HAM,Lewis Hamilton,Mercedes,0 days 00:01:19.186000,MEDIUM,1,3.0,79.186
HAM,Lewis Hamilton,Mercedes,0 days 00:01:19.161000,MEDIUM,1,2.0,79.161
HAM,Lewis Hamilton,Mercedes,0 days 00:01:19.800000,MEDIUM,1,2.0,79.8
HAM,Lewis Hamilton,Mercedes,0 days 00:01:19.292000,MEDIUM,1,2.0,79.292
HAM,Lewis Hamilton,Mercedes,0 days 00:01:19.483000,MEDIUM,1,2.0,79.483
HAM,Lewis Hamilton,Mercedes,0 days 00:01:19.215000,MEDIUM,1,2.0,79.215
HAM,Lewis Hamilton,Mercedes,0 days 00:01:19.199000,MEDIUM,1,2.0,79.199
HAM,Lewis Hamilton,Mercedes,0 days 00:01:19.028000,MEDIUM,1,2.0,79.028
HAM,Lewis Hamilton,Mercedes,0 days 00:01:18.927000,MEDIUM,1,2.0,78.927
HAM,Lewis Hamilton,Mercedes,0 days 00:01:19.127000,MEDIUM,1,2.0,79.127
HAM,Lewis Hamilton,Mercedes,0 days 00:01:19.835000,MEDIUM,1,2.0,79.835
HAM,Lewis Hamilton,Mercedes,0 days 00:01:19.732000,MEDIUM,1,2.0,79.732
HAM,Lewis Hamilton,Mercedes,0 days 00:01:19.594000,MEDIUM,1,2.0,79.594
HAM,Lewis Hamilton,Mercedes,0 days 00:01:19.468000,MEDIUM,1,2.0,79.468
HAM,Lewis Hamilton,Mercedes,0 days 00:01:19.523000,MEDIUM,1,2.0,79.523
HAM,Lewis Hamilton,Mercedes,0 days 00:01:19.187000,MEDIUM,1,2.0,79.187
HAM,Lewis Hamilton,Mercedes,0 days 00:01:19.078000,MEDIUM,1,2.0,79.078
HAM,Lewis Hamilton,Mercedes,0 days 00:01:19.121000,MEDIUM,1,2.0,79.121
HAM,Lewis Hamilton,Mercedes,0 days 00:01:19.201000,MEDIUM,1,2.0,79.201
HAM,Lewis Hamilton,Mercedes,0 days 00:01:18.965000,MEDIUM,1,2.0,78.965
HAM,Lewis Hamilton,Mercedes,0 days 00:01:18.933000,MEDIUM,1,2.0,78.933
HAM,Lewis Hamilton,Mercedes,0 days 00:01:19.183000,MEDIUM,1,2.0,79.183
HAM,Lewis Hamilton,Mercedes,0 days 00:01:18.968000,MEDIUM,1,2.0,78.968
HAM,Lewis Hamilton,Mercedes,0 days 00:01:18.621000,SOFT,1,2.0,78.621
HAM,Lewis Hamilton,Mercedes,0 days 00:01:18.564000,SOFT,1,2.0,78.564
HAM,Lewis Hamilton,Mercedes,0 days 00:01:17.529000,SOFT,1,2.0,77.529
HAM,Lewis Hamilton,Mercedes,0 days 00:01:17.575000,SOFT,1,2.0,77.575
HAM,Lewis Hamilton,Mercedes,0 days 00:01:17.874000,SOFT,1,2.0,77.874
HAM,Lewis Hamilton,Mercedes,0 days 00:01:17.725000,SOFT,1,2.0,77.725
HAM,Lewis Hamilton,Mercedes,0 days 00:01:17.848000,SOFT,1,2.0,77.848
HAM,Lewis Hamilton,Mercedes,0 days 00:01:18.138000,SOFT,1,2.0,78.138
HAM,Lewis Hamilton,Mercedes,0 days 00:01:18.475000,SOFT,1,2.0,78.475
HAM,Lewis Hamilton,Mercedes,0 days 00:01:17.627000,SOFT,1,2.0,77.627
HAM,Lewis Hamilton,Mercedes,0 days 00:01:16.676000,SOFT,1,2.0,76.676
HAM,Lewis Hamilton,Mercedes,0 days 00:01:18.967000,SOFT,1,2.0,78.967
HAM,Lewis Hamilton,Mercedes,0 days 00:01:18.579000,SOFT,1,2.0,78.579
HAM,Lewis Hamilton,Mercedes,0 days 00:01:20.310000,SOFT,1,2.0,80.31
HAM,Lewis Hamilton,Mercedes,0 days 00:01:19.120000,SOFT,1,2.0,79.12
RUS,George Russell,Mercedes,0 days 00:01:21.637000,SOFT,1,7.0,81.637
RUS,George Russell,Mercedes,0 days 00:01:21.087000,SOFT,1,7.0,81.087
RUS,George Russell,Mercedes,0 days 00:01:20.975000,SOFT,1,7.0,80.975
RUS,George Russell,Mercedes,0 days 00:01:21.330000,SOFT,1,7.0,81.33
RUS,George Russell,Mercedes,0 days 00:01:20.516000,SOFT,1,6.0,80.516
RUS,George Russell,Mercedes,0 days 00:01:21.159000,SOFT,1,6.0,81.159
RUS,George Russell,Mercedes,0 days 00:01:21.032000,SOFT,1,6.0,81.032
RUS,George Russell,Mercedes,0 days 00:01:21.255000,SOFT,1,6.0,81.255
RUS,George Russell,Mercedes,0 days 00:01:20.747000,SOFT,1,5.0,80.747
RUS,George Russell,Mercedes,0 days 00:01:21.264000,SOFT,1,5.0,81.264
RUS,George Russell,Mercedes,0 days 00:01:20.872000,SOFT,1,5.0,80.872
RUS,George Russell,Mercedes,0 days 00:01:20.855000,SOFT,1,4.0,80.855
RUS,George Russell,Mercedes,0 days 00:01:20.677000,SOFT,1,4.0,80.677
RUS,George Russell,Mercedes,0 days 00:01:20.646000,SOFT,1,3.0,80.646
RUS,George Russell,Mercedes,0 days 00:01:20.503000,SOFT,1,3.0,80.503
RUS,George Russell,Mercedes,0 days 00:01:20.521000,SOFT,1,3.0,80.521
RUS,George Russell,Mercedes,0 days 00:01:20.742000,SOFT,1,3.0,80.742
RUS,George Russell,Mercedes,0 days 00:01:20.523000,SOFT,1,3.0,80.523
RUS,George Russell,Mercedes,0 days 00:01:20.757000,SOFT,1,3.0,80.757
RUS,George Russell,Mercedes,0 days 00:01:20.724000,SOFT,1,3.0,80.724
RUS,George Russell,Mercedes,0 days 00:01:20.794000,SOFT,1,3.0,80.794
RUS,George Russell,Mercedes,0 days 00:01:21.050000,SOFT,1,3.0,81.05
RUS,George Russell,Mercedes,0 days 00:01:18.878000,MEDIUM,1,6.0,78.878
RUS,George Russell,Mercedes,0 days 00:01:18.264000,MEDIUM,1,4.0,78.264
RUS,George Russell,Mercedes,0 days 00:01:19.199000,MEDIUM,1,4.0,79.199
RUS,George Russell,Mercedes,0 days 00:01:19.362000,MEDIUM,1,4.0,79.362
RUS,George Russell,Mercedes,0 days 00:01:19.186000,MEDIUM,1,4.0,79.186
RUS,George Russell,Mercedes,0 days 00:01:19.302000,MEDIUM,1,4.0,79.302
RUS,George Russell,Mercedes,0 days 00:01:19.568000,MEDIUM,1,4.0,79.568
RUS,George Russell,Mercedes,0 days 00:01:19.489000,MEDIUM,1,4.0,79.489
RUS,George Russell,Mercedes,0 days 00:01:19.698000,MEDIUM,1,3.0,79.698
RUS,George Russell,Mercedes,0 days 00:01:19.835000,MEDIUM,1,3.0,79.835
RUS,George Russell,Mercedes,0 days 00:01:19.680000,MEDIUM,1,3.0,79.68
RUS,George Russell,Mercedes,0 days 00:01:19.804000,MEDIUM,1,3.0,79.804
RUS,George Russell,Mercedes,0 days 00:01:19.730000,MEDIUM,1,3.0,79.73
RUS,George Russell,Mercedes,0 days 00:01:19.611000,MEDIUM,1,3.0,79.611
RUS,George Russell,Mercedes,0 days 00:01:19.471000,MEDIUM,1,3.0,79.471
RUS,George Russell,Mercedes,0 days 00:01:19.281000,MEDIUM,1,3.0,79.281
RUS,George Russell,Mercedes,0 days 00:01:19.198000,MEDIUM,1,3.0,79.198
RUS,George Russell,Mercedes,0 days 00:01:19.296000,MEDIUM,1,3.0,79.296
RUS,George Russell,Mercedes,0 days 00:01:18.057000,SOFT,1,4.0,78.057
RUS,George Russell,Mercedes,0 days 00:01:17.875000,SOFT,1,4.0,77.875
RUS,George Russell,Mercedes,0 days 00:01:18.383000,SOFT,1,4.0,78.383
RUS,George Russell,Mercedes,0 days 00:01:18.488000,SOFT,1,4.0,78.488
RUS,George Russell,Mercedes,0 days 00:01:18.611000,SOFT,1,3.0,78.611
RUS,George Russell,Mercedes,0 days 00:01:18.335000,SOFT,1,3.0,78.335
RUS,George Russell,Mercedes,0 days 00:01:18.504000,SOFT,1,3.0,78.504
RUS,George Russell,Mercedes,0 days 00:01:18.362000,SOFT,1,3.0,78.362
RUS,George Russell,Mercedes,0 days 00:01:18.133000,SOFT,1,3.0,78.133
RUS,George Russell,Mercedes,0 days 00:01:18.448000,SOFT,1,3.0,78.448
RUS,George Russell,Mercedes,0 days 00:01:18.290000,SOFT,1,3.0,78.29
RUS,George Russell,Mercedes,0 days 00:01:18.357000,SOFT,1,3.0,78.357
RUS,George Russell,Mercedes,0 days 00:01:18.129000,SOFT,1,3.0,78.129
RUS,George Russell,Mercedes,0 days 00:01:18.067000,SOFT,1,3.0,78.067
RUS,George Russell,Mercedes,0 days 00:01:18.201000,SOFT,1,3.0,78.201
RUS,George Russell,Mercedes,0 days 00:01:18.152000,SOFT,1,3.0,78.152
RUS,George Russell,Mercedes,0 days 00:01:18.631000,SOFT,1,3.0,78.631
RUS,George Russell,Mercedes,0 days 00:01:18.917000,SOFT,1,3.0,78.917
RUS,George Russell,Mercedes,0 days 00:01:19.163000,SOFT,1,3.0,79.163
RUS,George Russell,Mercedes,0 days 00:01:19.045000,SOFT,1,3.0,79.045
PER,Sergio Perez,Red Bull Racing,0 days 00:01:20.936000,MEDIUM,1,10.0,80.936
PER,Sergio Perez,Red Bull Racing,0 days 00:01:20.908000,MEDIUM,1,9.0,80.908
PER,Sergio Perez,Red Bull Racing,0 days 00:01:21.245000,MEDIUM,1,9.0,81.245
PER,Sergio Perez,Red Bull Racing,0 days 00:01:21.102000,MEDIUM,1,9.0,81.102
PER,Sergio Perez,Red Bull Racing,0 days 00:01:21.010000,MEDIUM,1,8.0,81.01
PER,Sergio Perez,Red Bull Racing,0 days 00:01:21.266000,MEDIUM,1,8.0,81.266
PER,Sergio Perez,Red Bull Racing,0 days 00:01:21.616000,MEDIUM,1,8.0,81.616
PER,Sergio Perez,Red Bull Racing,0 days 00:01:21.597000,MEDIUM,1,8.0,81.597
PER,Sergio Perez,Red Bull Racing,0 days 00:01:21.592000,MEDIUM,1,7.0,81.592
PER,Sergio Perez,Red Bull Racing,0 days 00:01:21.329000,MEDIUM,1,7.0,81.329
PER,Sergio Perez,Red Bull Racing,0 days 00:01:21.327000,MEDIUM,1,6.0,81.327
PER,Sergio Perez,Red Bull Racing,0 days 00:01:21.033000,MEDIUM,1,5.0,81.033
PER,Sergio Perez,Red Bull Racing,0 days 00:01:21.115000,MEDIUM,1,5.0,81.115
PER,Sergio Perez,Red Bull Racing,0 days 00:01:20.824000,MEDIUM,1,5.0,80.824
PER,Sergio Perez,Red Bull Racing,0 days 00:01:21.128000,MEDIUM,1,4.0,81.128
PER,Sergio Perez,Red Bull Racing,0 days 00:01:20.547000,MEDIUM,1,4.0,80.547
PER,Sergio Perez,Red Bull Racing,0 days 00:01:20.256000,MEDIUM,1,4.0,80.256
PER,Sergio Perez,Red Bull Racing,0 days 00:01:20.315000,MEDIUM,1,4.0,80.315
PER,Sergio Perez,Red Bull Racing,0 days 00:01:20.690000,MEDIUM,1,4.0,80.69
PER,Sergio Perez,Red Bull Racing,0 days 00:01:20.828000,MEDIUM,1,4.0,80.828
PER,Sergio Perez,Red Bull Racing,0 days 00:01:21.062000,MEDIUM,1,3.0,81.062
PER,Sergio Perez,Red Bull Racing,0 days 00:01:21.244000,MEDIUM,1,2.0,81.244
PER,Sergio Perez,Red Bull Racing,0 days 00:01:18.645000,HARD,1,9.0,78.645
PER,Sergio Perez,Red Bull Racing,0 days 00:01:20.419000,HARD,1,9.0,80.419
PER,Sergio Perez,Red Bull Racing,0 days 00:01:18.786000,HARD,1,8.0,78.786
PER,Sergio Perez,Red Bull Racing,0 days 00:01:19.530000,HARD,1,8.0,79.53
PER,Sergio Perez,Red Bull Racing,0 days 00:01:19.337000,HARD,1,7.0,79.337
PER,Sergio Perez,Red Bull Racing,0 days 00:01:18.817000,HARD,1,5.0,78.817
PER,Sergio Perez,Red Bull Racing,0 days 00:01:18.784000,HARD,1,5.0,78.784
PER,Sergio Perez,Red Bull Racing,0 days 00:01:19.553000,HARD,1,5.0,79.553
PER,Sergio Perez,Red Bull Racing,0 days 00:01:19.296000,HARD,1,5.0,79.296
PER,Sergio Perez,Red Bull Racing,0 days 00:01:19.247000,HARD,1,5.0,79.247
PER,Sergio Perez,Red Bull Racing,0 days 00:01:19.310000,HARD,1,5.0,79.31
PER,Sergio Perez,Red Bull Racing,0 days 00:01:19.191000,HARD,1,5.0,79.191
PER,Sergio Perez,Red Bull Racing,0 days 00:01:19.201000,HARD,1,4.0,79.201
PER,Sergio Perez,Red Bull Racing,0 days 00:01:18.907000,HARD,1,4.0,78.907
PER,Sergio Perez,Red Bull Racing,0 days 00:01:19.068000,HARD,1,4.0,79.068
PER,Sergio Perez,Red Bull Racing,0 days 00:01:19.504000,HARD,1,4.0,79.504
PER,Sergio Perez,Red Bull Racing,0 days 00:01:19.600000,HARD,1,4.0,79.6
PER,Sergio Perez,Red Bull Racing,0 days 00:01:19.367000,HARD,1,3.0,79.367
PER,Sergio Perez,Red Bull Racing,0 days 00:01:18.907000,HARD,1,3.0,78.907
PER,Sergio Perez,Red Bull Racing,0 days 00:01:19.179000,HARD,1,3.0,79.179
PER,Sergio Perez,Red Bull Racing,0 days 00:01:19.400000,HARD,1,3.0,79.4
PER,Sergio Perez,Red Bull Racing,0 days 00:01:16.666000,SOFT,1,5.0,76.666
PER,Sergio Perez,Red Bull Racing,0 days 00:01:17.122000,SOFT,1,4.0,77.122
PER,Sergio Perez,Red Bull Racing,0 days 00:01:17.543000,SOFT,1,4.0,77.543
PER,Sergio Perez,Red Bull Racing,0 days 00:01:17.776000,SOFT,1,4.0,77.776
PER,Sergio Perez,Red Bull Racing,0 days 00:01:17.484000,SOFT,1,4.0,77.484
PER,Sergio Perez,Red Bull Racing,0 days 00:01:17.440000,SOFT,1,4.0,77.44
PER,Sergio Perez,Red Bull Racing,0 days 00:01:17.931000,SOFT,1,4.0,77.931
PER,Sergio Perez,Red Bull Racing,0 days 00:01:18.623000,SOFT,1,4.0,78.623
PER,Sergio Perez,Red Bull Racing,0 days 00:01:18.415000,SOFT,1,4.0,78.415
PER,Sergio Perez,Red Bull Racing,0 days 00:01:17.789000,SOFT,1,4.0,77.789
PER,Sergio Perez,Red Bull Racing,0 days 00:01:17.793000,SOFT,1,4.0,77.793
PER,Sergio Perez,Red Bull Racing,0 days 00:01:17.828000,SOFT,1,4.0,77.828
PER,Sergio Perez,Red Bull Racing,0 days 00:01:17.910000,SOFT,1,4.0,77.91
PER,Sergio Perez,Red Bull Racing,0 days 00:01:18.476000,SOFT,1,4.0,78.476
PER,Sergio Perez,Red Bull Racing,0 days 00:01:20.063000,SOFT,1,4.0,80.063
SAI,Carlos Sainz,Ferrari,0 days 00:01:20.852000,SOFT,1,2.0,80.852
SAI,Carlos Sainz,Ferrari,0 days 00:01:20.571000,SOFT,1,2.0,80.571
SAI,Carlos Sainz,Ferrari,0 days 00:01:20.815000,SOFT,1,2.0,80.815
SAI,Carlos Sainz,Ferrari,0 days 00:01:20.935000,SOFT,1,2.0,80.935
SAI,Carlos Sainz,Ferrari,0 days 00:01:20.784000,SOFT,1,2.0,80.784
SAI,Carlos Sainz,Ferrari,0 days 00:01:20.644000,SOFT,1,2.0,80.644
SAI,Carlos Sainz,Ferrari,0 days 00:01:20.830000,SOFT,1,2.0,80.83
SAI,Carlos Sainz,Ferrari,0 days 00:01:20.734000,SOFT,1,2.0,80.734
SAI,Carlos Sainz,Ferrari,0 days 00:01:20.933000,SOFT,1,2.0,80.933
SAI,Carlos Sainz,Ferrari,0 days 00:01:20.730000,SOFT,1,2.0,80.73
SAI,Carlos Sainz,Ferrari,0 days 00:01:20.851000,SOFT,1,2.0,80.851
SAI,Carlos Sainz,Ferrari,0 days 00:01:20.715000,SOFT,1,2.0,80.715
SAI,Carlos Sainz,Ferrari,0 days 00:01:21.054000,SOFT,1,2.0,81.054
SAI,Carlos Sainz,Ferrari,0 days 00:01:20.165000,MEDIUM,1,7.0,80.165
SAI,Carlos Sainz,Ferrari,0 days 00:01:19.981000,MEDIUM,1,7.0,79.981
SAI,Carlos Sainz,Ferrari,0 days 00:01:19.832000,MEDIUM,1,6.0,79.832
SAI,Carlos Sainz,Ferrari,0 days 00:01:20.249000,MEDIUM,1,5.0,80.249
SAI,Carlos Sainz,Ferrari,0 days 00:01:20.164000,MEDIUM,1,5.0,80.164
SAI,Carlos Sainz,Ferrari,0 days 00:01:20.272000,MEDIUM,1,5.0,80.272
SAI,Carlos Sainz,Ferrari,0 days 00:01:20.479000,MEDIUM,1,5.0,80.479
SAI,Carlos Sainz,Ferrari,0 days 00:01:20.477000,MEDIUM,1,5.0,80.477
SAI,Carlos Sainz,Ferrari,0 days 00:01:20.693000,MEDIUM,1,4.0,80.693
SAI,Carlos Sainz,Ferrari,0 days 00:01:20.315000,MEDIUM,1,3.0,80.315
SAI,Carlos Sainz,Ferrari,0 days 00:01:20.333000,MEDIUM,1,2.0,80.333
SAI,Carlos Sainz,Ferrari,0 days 00:01:21.450000,MEDIUM,1,3.0,81.45
SAI,Carlos Sainz,Ferrari,0 days 00:01:20.687000,MEDIUM,1,3.0,80.687
SAI,Carlos Sainz,Ferrari,0 days 00:01:20.257000,MEDIUM,1,3.0,80.257
SAI,Carlos Sainz,Ferrari,0 days 00:01:20.257000,MEDIUM,1,3.0,80.257
SAI,Carlos Sainz,Ferrari,0 days 00:01:20.090000,MEDIUM,1,3.0,80.09
SAI,Carlos Sainz,Ferrari,0 days 00:01:20.316000,MEDIUM,1,3.0,80.316
SAI,Carlos Sainz,Ferrari,0 days 00:01:20.343000,MEDIUM,1,3.0,80.343
SAI,Carlos Sainz,Ferrari,0 days 00:01:20.712000,MEDIUM,1,4.0,80.712
SAI,Carlos Sainz,Ferrari,0 days 00:01:20.133000,MEDIUM,1,4.0,80.133
SAI,Carlos Sainz,Ferrari,0 days 00:01:20.390000,MEDIUM,1,4.0,80.39
SAI,Carlos Sainz,Ferrari,0 days 00:01:20.151000,MEDIUM,1,4.0,80.151
SAI,Carlos Sainz,Ferrari,0 days 00:01:20.053000,MEDIUM,1,4.0,80.053
SAI,Carlos Sainz,Ferrari,0 days 00:01:19.331000,HARD,1,6.0,79.331
SAI,Carlos Sainz,Ferrari,0 days 00:01:19.241000,HARD,1,6.0,79.241
SAI,Carlos Sainz,Ferrari,0 days 00:01:19.325000,HARD,1,5.0,79.325
SAI,Carlos Sainz,Ferrari,0 days 00:01:18.698000,HARD,1,5.0,78.698
SAI,Carlos Sainz,Ferrari,0 days 00:01:18.562000,HARD,1,5.0,78.562
SAI,Carlos Sainz,Ferrari,0 days 00:01:18.521000,HARD,1,5.0,78.521
SAI,Carlos Sainz,Ferrari,0 days 00:01:18.635000,HARD,1,5.0,78.635
SAI,Carlos Sainz,Ferrari,0 days 00:01:18.518000,HARD,1,5.0,78.518
SAI,Carlos Sainz,Ferrari,0 days 00:01:18.562000,HARD,1,4.0,78.562
SAI,Carlos Sainz,Ferrari,0 days 00:01:18.595000,HARD,1,4.0,78.595
SAI,Carlos Sainz,Ferrari,0 days 00:01:19.738000,HARD,1,5.0,79.738
SAI,Carlos Sainz,Ferrari,0 days 00:01:18.886000,HARD,1,5.0,78.886
SAI,Carlos Sainz,Ferrari,0 days 00:01:18.513000,HARD,1,5.0,78.513
SAI,Carlos Sainz,Ferrari,0 days 00:01:18.559000,HARD,1,5.0,78.559
SAI,Carlos Sainz,Ferrari,0 days 00:01:18.725000,HARD,1,5.0,78.725
SAI,Carlos Sainz,Ferrari,0 days 00:01:18.623000,HARD,1,5.0,78.623
SAI,Carlos Sainz,Ferrari,0 days 00:01:18.799000,HARD,1,5.0,78.799
SAI,Carlos Sainz,Ferrari,0 days 00:01:18.403000,HARD,1,5.0,78.403
SAI,Carlos Sainz,Ferrari,0 days 00:01:18.714000,HARD,1,5.0,78.714
SAI,Carlos Sainz,Ferrari,0 days 00:01:18.712000,HARD,1,5.0,78.712
SAI,Carlos Sainz,Ferrari,0 days 00:01:18.999000,HARD,1,5.0,78.999
SAI,Carlos Sainz,Ferrari,0 days 00:01:18.687000,HARD,1,5.0,78.687
SAI,Carlos Sainz,Ferrari,0 days 00:01:18.785000,HARD,1,5.0,78.785
SAI,Carlos Sainz,Ferrari,0 days 00:01:18.447000,HARD,1,5.0,78.447
STR,Lance Stroll,Aston Martin,0 days 00:01:20.967000,SOFT,1,3.0,80.967
STR,Lance Stroll,Aston Martin,0 days 00:01:20.868000,SOFT,1,3.0,80.868
STR,Lance Stroll,Aston Martin,0 days 00:01:20.996000,SOFT,1,3.0,80.996
STR,Lance Stroll,Aston Martin,0 days 00:01:20.854000,SOFT,1,3.0,80.854
STR,Lance Stroll,Aston Martin,0 days 00:01:21.033000,SOFT,1,3.0,81.033
STR,Lance Stroll,Aston Martin,0 days 00:01:20.883000,SOFT,1,3.0,80.883
STR,Lance Stroll,Aston Martin,0 days 00:01:21.360000,SOFT,1,4.0,81.36
STR,Lance Stroll,Aston Martin,0 days 00:01:21.263000,SOFT,1,4.0,81.263
STR,Lance Stroll,Aston Martin,0 days 00:01:21.371000,SOFT,1,4.0,81.371
STR,Lance Stroll,Aston Martin,0 days 00:01:21.310000,SOFT,1,4.0,81.31
STR,Lance Stroll,Aston Martin,0 days 00:01:21.364000,SOFT,1,4.0,81.364
STR,Lance Stroll,Aston Martin,0 days 00:01:20.907000,SOFT,1,10.0,80.907
STR,Lance Stroll,Aston Martin,0 days 00:01:20.283000,SOFT,1,9.0,80.283
STR,Lance Stroll,Aston Martin,0 days 00:01:20.392000,SOFT,1,8.0,80.392
STR,Lance Stroll,Aston Martin,0 days 00:01:20.330000,SOFT,1,8.0,80.33
STR,Lance Stroll,Aston Martin,0 days 00:01:20.496000,SOFT,1,6.0,80.496
STR,Lance Stroll,Aston Martin,0 days 00:01:20.457000,SOFT,1,6.0,80.457
STR,Lance Stroll,Aston Martin,0 days 00:01:20.506000,SOFT,1,6.0,80.506
STR,Lance Stroll,Aston Martin,0 days 00:01:20.397000,SOFT,1,6.0,80.397
STR,Lance Stroll,Aston Martin,0 days 00:01:20.440000,SOFT,1,6.0,80.44
STR,Lance Stroll,Aston Martin,0 days 00:01:20.731000,SOFT,1,6.0,80.731
STR,Lance Stroll,Aston Martin,0 days 00:01:20.533000,SOFT,1,5.0,80.533
STR,Lance Stroll,Aston Martin,0 days 00:01:20.455000,SOFT,1,5.0,80.455
STR,Lance Stroll,Aston Martin,0 days 00:01:21.200000,SOFT,1,5.0,81.2
STR,Lance Stroll,Aston Martin,0 days 00:01:20.575000,SOFT,1,5.0,80.575
STR,Lance Stroll,Aston Martin,0 days 00:01:20.742000,SOFT,1,5.0,80.742
STR,Lance Stroll,Aston Martin,0 days 00:01:20.558000,SOFT,1,5.0,80.558
STR,Lance Stroll,Aston Martin,0 days 00:01:20.514000,SOFT,1,5.0,80.514
STR,Lance Stroll,Aston Martin,0 days 00:01:20.857000,SOFT,1,5.0,80.857
STR,Lance Stroll,Aston Martin,0 days 00:01:19.746000,HARD,1,12.0,79.746
STR,Lance Stroll,Aston Martin,0 days 00:01:19.948000,HARD,1,11.0,79.948
STR,Lance Stroll,Aston Martin,0 days 00:01:20.024000,HARD,1,10.0,80.024
STR,Lance Stroll,Aston Martin,0 days 00:01:19.067000,HARD,1,10.0,79.067
STR,Lance Stroll,Aston Martin,0 days 00:01:19.530000,HARD,1,8.0,79.53
STR,Lance Stroll,Aston Martin,0 days 00:01:19.819000,HARD,1,7.0,79.819
STR,Lance Stroll,Aston Martin,0 days 00:01:19.542000,HARD,1,7.0,79.542
STR,Lance Stroll,Aston Martin,0 days 00:01:19.508000,HARD,1,7.0,79.508
STR,Lance Stroll,Aston Martin,0 days 00:01:20.121000,HARD,1,7.0,80.121
STR,Lance Stroll,Aston Martin,0 days 00:01:19.671000,HARD,1,6.0,79.671
STR,Lance Stroll,Aston Martin,0 days 00:01:19.593000,HARD,1,6.0,79.593
STR,Lance Stroll,Aston Martin,0 days 00:01:19.477000,HARD,1,6.0,79.477
STR,Lance Stroll,Aston Martin,0 days 00:01:19.129000,HARD,1,6.0,79.129
STR,Lance Stroll,Aston Martin,0 days 00:01:19.413000,HARD,1,6.0,79.413
STR,Lance Stroll,Aston Martin,0 days 00:01:19.283000,HARD,1,6.0,79.283
STR,Lance Stroll,Aston Martin,0 days 00:01:19.164000,HARD,1,6.0,79.164
STR,Lance Stroll,Aston Martin,0 days 00:01:19.018000,HARD,1,6.0,79.018
STR,Lance Stroll,Aston Martin,0 days 00:01:18.998000,HARD,1,6.0,78.998
STR,Lance Stroll,Aston Martin,0 days 00:01:19.068000,HARD,1,6.0,79.068
STR,Lance Stroll,Aston Martin,0 days 00:01:18.933000,HARD,1,6.0,78.933
STR,Lance Stroll,Aston Martin,0 days 00:01:18.722000,HARD,1,6.0,78.722
STR,Lance Stroll,Aston Martin,0 days 00:01:19.041000,HARD,1,6.0,79.041
STR,Lance Stroll,Aston Martin,0 days 00:01:19.251000,HARD,1,6.0,79.251
STR,Lance Stroll,Aston Martin,0 days 00:01:19.193000,HARD,1,6.0,79.193
STR,Lance Stroll,Aston Martin,0 days 00:01:18.967000,HARD,1,6.0,78.967
STR,Lance Stroll,Aston Martin,0 days 00:01:18.988000,HARD,1,6.0,78.988
STR,Lance Stroll,Aston Martin,0 days 00:01:19.081000,HARD,1,6.0,79.081
STR,Lance Stroll,Aston Martin,0 days 00:01:19.084000,HARD,1,6.0,79.084
STR,Lance Stroll,Aston Martin,0 days 00:01:19.413000,HARD,1,6.0,79.413
STR,Lance Stroll,Aston Martin,0 days 00:01:19.195000,HARD,1,6.0,79.195
STR,Lance Stroll,Aston Martin,0 days 00:01:19.766000,HARD,1,6.0,79.766
ALO,Fernando Alonso,Aston Martin,0 days 00:01:21.574000,SOFT,1,6.0,81.574
ALO,Fernando Alonso,Aston Martin,0 days 00:01:20.717000,SOFT,1,6.0,80.717
ALO,Fernando Alonso,Aston Martin,0 days 00:01:21.289000,SOFT,1,6.0,81.289
ALO,Fernando Alonso,Aston Martin,0 days 00:01:21.631000,SOFT,1,6.0,81.631
ALO,Fernando Alonso,Aston Martin,0 days 00:01:21.350000,SOFT,1,7.0,81.35
ALO,Fernando Alonso,Aston Martin,0 days 00:01:21.340000,SOFT,1,7.0,81.34
ALO,Fernando Alonso,Aston Martin,0 days 00:01:21.575000,SOFT,1,7.0,81.575
ALO,Fernando Alonso,Aston Martin,0 days 00:01:21.291000,SOFT,1,7.0,81.291
ALO,Fernando Alonso,Aston Martin,0 days 00:01:21.325000,SOFT,1,6.0,81.325
ALO,Fernando Alonso,Aston Martin,0 days 00:01:20.876000,SOFT,1,6.0,80.876
ALO,Fernando Alonso,Aston Martin,0 days 00:01:21.169000,SOFT,1,5.0,81.169
ALO,Fernando Alonso,Aston Martin,0 days 00:01:21.150000,SOFT,1,4.0,81.15
ALO,Fernando Alonso,Aston Martin,0 days 00:01:21.193000,SOFT,1,4.0,81.193
ALO,Fernando Alonso,Aston Martin,0 days 00:01:21.147000,SOFT,1,4.0,81.147
ALO,Fernando Alonso,Aston Martin,0 days 00:01:20.375000,SOFT,1,9.0,80.375
ALO,Fernando Alonso,Aston Martin,0 days 00:01:20.954000,SOFT,1,9.0,80.954
ALO,Fernando Alonso,Aston Martin,0 days 00:01:20.987000,SOFT,1,9.0,80.987
ALO,Fernando Alonso,Aston Martin,0 days 00:01:20.813000,SOFT,1,9.0,80.813
ALO,Fernando Alonso,Aston Martin,0 days 00:01:20.320000,SOFT,1,9.0,80.32
ALO,Fernando Alonso,Aston Martin,0 days 00:01:20.367000,SOFT,1,9.0,80.367
ALO,Fernando Alonso,Aston Martin,0 days 00:01:20.318000,SOFT,1,9.0,80.318
ALO,Fernando Alonso,Aston Martin,0 days 00:01:20.404000,SOFT,1,8.0,80.404
ALO,Fernando Alonso,Aston Martin,0 days 00:01:20.239000,SOFT,1,8.0,80.239
ALO,Fernando Alonso,Aston Martin,0 days 00:01:20.916000,SOFT,1,8.0,80.916
ALO,Fernando Alonso,Aston Martin,0 days 00:01:20.892000,SOFT,1,9.0,80.892
ALO,Fernando Alonso,Aston Martin,0 days 00:01:20.379000,SOFT,1,9.0,80.379
ALO,Fernando Alonso,Aston Martin,0 days 00:01:20.614000,SOFT,1,9.0,80.614
ALO,Fernando Alonso,Aston Martin,0 days 00:01:20.634000,SOFT,1,8.0,80.634
ALO,Fernando Alonso,Aston Martin,0 days 00:01:20.435000,SOFT,1,6.0,80.435
ALO,Fernando Alonso,Aston Martin,0 days 00:01:20.323000,SOFT,1,6.0,80.323
ALO,Fernando Alonso,Aston Martin,0 days 00:01:20.247000,SOFT,1,6.0,80.247
ALO,Fernando Alonso,Aston Martin,0 days 00:01:20.074000,SOFT,1,6.0,80.074
ALO,Fernando Alonso,Aston Martin,0 days 00:01:19.851000,SOFT,1,6.0,79.851
ALO,Fernando Alonso,Aston Martin,0 days 00:01:19.832000,SOFT,1,6.0,79.832
ALO,Fernando Alonso,Aston Martin,0 days 00:01:19.840000,SOFT,1,6.0,79.84
ALO,Fernando Alonso,Aston Martin,0 days 00:01:19.900000,SOFT,1,5.0,79.9
ALO,Fernando Alonso,Aston Martin,0 days 00:01:20.130000,SOFT,1,5.0,80.13
ALO,Fernando Alonso,Aston Martin,0 days 00:01:18.442000,HARD,1,10.0,78.442
ALO,Fernando Alonso,Aston Martin,0 days 00:01:18.321000,HARD,1,10.0,78.321
ALO,Fernando Alonso,Aston Martin,0 days 00:01:18.237000,HARD,1,9.0,78.237
ALO,Fernando Alonso,Aston Martin,0 days 00:01:18.083000,HARD,1,8.0,78.083
ALO,Fernando Alonso,Aston Martin,0 days 00:01:18.935000,HARD,1,8.0,78.935
ALO,Fernando Alonso,Aston Martin,0 days 00:01:18.833000,HARD,1,7.0,78.833
ALO,Fernando Alonso,Aston Martin,0 days 00:01:18.543000,HARD,1,7.0,78.543
ALO,Fernando Alonso,Aston Martin,0 days 00:01:19.225000,HARD,1,7.0,79.225
ALO,Fernando Alonso,Aston Martin,0 days 00:01:18.536000,HARD,1,7.0,78.536
ALO,Fernando Alonso,Aston Martin,0 days 00:01:18.584000,HARD,1,7.0,78.584
ALO,Fernando Alonso,Aston Martin,0 days 00:01:18.749000,HARD,1,7.0,78.749
ALO,Fernando Alonso,Aston Martin,0 days 00:01:18.770000,HARD,1,7.0,78.77
ALO,Fernando Alonso,Aston Martin,0 days 00:01:18.861000,HARD,1,7.0,78.861
ALO,Fernando Alonso,Aston Martin,0 days 00:01:18.870000,HARD,1,7.0,78.87
ALO,Fernando Alonso,Aston Martin,0 days 00:01:19.111000,HARD,1,7.0,79.111
ALO,Fernando Alonso,Aston Martin,0 days 00:01:19.624000,HARD,1,7.0,79.624
ALO,Fernando Alonso,Aston Martin,0 days 00:01:19.445000,HARD,1,7.0,79.445
ALO,Fernando Alonso,Aston Martin,0 days 00:01:18.532000,HARD,1,7.0,78.532
ALO,Fernando Alonso,Aston Martin,0 days 00:01:19.229000,HARD,1,7.0,79.229
ALO,Fernando Alonso,Aston Martin,0 days 00:01:18.845000,HARD,1,7.0,78.845
ALO,Fernando Alonso,Aston Martin,0 days 00:01:19.481000,HARD,1,7.0,79.481
OCO,Esteban Ocon,Alpine,0 days 00:01:21.445000,SOFT,1,5.0,81.445
OCO,Esteban Ocon,Alpine,0 days 00:01:20.939000,SOFT,1,5.0,80.939
OCO,Esteban Ocon,Alpine,0 days 00:01:20.792000,SOFT,1,5.0,80.792
OCO,Esteban Ocon,Alpine,0 days 00:01:21.314000,SOFT,1,5.0,81.314
OCO,Esteban Ocon,Alpine,0 days 00:01:20.963000,SOFT,1,5.0,80.963
OCO,Esteban Ocon,Alpine,0 days 00:01:21.397000,SOFT,1,5.0,81.397
OCO,Esteban Ocon,Alpine,0 days 00:01:21.378000,SOFT,1,5.0,81.378
OCO,Esteban Ocon,Alpine,0 days 00:01:21.475000,SOFT,1,5.0,81.475
OCO,Esteban Ocon,Alpine,0 days 00:01:20.523000,MEDIUM,1,13.0,80.523
OCO,Esteban Ocon,Alpine,0 days 00:01:20.865000,MEDIUM,1,11.0,80.865
OCO,Esteban Ocon,Alpine,0 days 00:01:20.556000,MEDIUM,1,10.0,80.556
OCO,Esteban Ocon,Alpine,0 days 00:01:20.376000,MEDIUM,1,9.0,80.376
OCO,Esteban Ocon,Alpine,0 days 00:01:20.395000,MEDIUM,1,9.0,80.395
OCO,Esteban Ocon,Alpine,0 days 00:01:20.623000,MEDIUM,1,7.0,80.623
OCO,Esteban Ocon,Alpine,0 days 00:01:20.646000,MEDIUM,1,7.0,80.646
OCO,Esteban Ocon,Alpine,0 days 00:01:20.239000,MEDIUM,1,7.0,80.239
OCO,Esteban Ocon,Alpine,0 days 00:01:20.539000,MEDIUM,1,7.0,80.539
OCO,Esteban Ocon,Alpine,0 days 00:01:20.636000,MEDIUM,1,7.0,80.636
OCO,Esteban Ocon,Alpine,0 days 00:01:20.534000,MEDIUM,1,7.0,80.534
OCO,Esteban Ocon,Alpine,0 days 00:01:21.411000,MEDIUM,1,7.0,81.411
OCO,Esteban Ocon,Alpine,0 days 00:01:20.390000,MEDIUM,1,7.0,80.39
OCO,Esteban Ocon,Alpine,0 days 00:01:20.318000,MEDIUM,1,6.0,80.318
OCO,Esteban Ocon,Alpine,0 days 00:01:20.341000,MEDIUM,1,6.0,80.341
OCO,Esteban Ocon,Alpine,0 days 00:01:20.313000,MEDIUM,1,6.0,80.313
OCO,Esteban Ocon,Alpine,0 days 00:01:20.502000,MEDIUM,1,6.0,80.502
OCO,Esteban Ocon,Alpine,0 days 00:01:20.543000,MEDIUM,1,6.0,80.543
OCO,Esteban Ocon,Alpine,0 days 00:01:20.820000,MEDIUM,1,6.0,80.82
OCO,Esteban Ocon,Alpine,0 days 00:01:21.516000,MEDIUM,1,6.0,81.516
OCO,Esteban Ocon,Alpine,0 days 00:01:19.679000,HARD,1,13.0,79.679
OCO,Esteban Ocon,Alpine,0 days 00:01:19.027000,HARD,1,12.0,79.027
OCO,Esteban Ocon,Alpine,0 days 00:01:19.368000,HARD,1,11.0,79.368
OCO,Esteban Ocon,Alpine,0 days 00:01:19.729000,HARD,1,9.0,79.729
OCO,Esteban Ocon,Alpine,0 days 00:01:19.703000,HARD,1,9.0,79.703
OCO,Esteban Ocon,Alpine,0 days 00:01:19.696000,HARD,1,8.0,79.696
OCO,Esteban Ocon,Alpine,0 days 00:01:19.700000,HARD,1,8.0,79.7
OCO,Esteban Ocon,Alpine,0 days 00:01:19.862000,HARD,1,8.0,79.862
OCO,Esteban Ocon,Alpine,0 days 00:01:19.843000,HARD,1,7.0,79.843
OCO,Esteban Ocon,Alpine,0 days 00:01:19.654000,HARD,1,7.0,79.654
OCO,Esteban Ocon,Alpine,0 days 00:01:19.669000,HARD,1,7.0,79.669
OCO,Esteban Ocon,Alpine,0 days 00:01:19.618000,HARD,1,7.0,79.618
OCO,Esteban Ocon,Alpine,0 days 00:01:18.965000,HARD,1,7.0,78.965
OCO,Esteban Ocon,Alpine,0 days 00:01:19.163000,HARD,1,7.0,79.163
OCO,Esteban Ocon,Alpine,0 days 00:01:21.212000,HARD,1,8.0,81.212
OCO,Esteban Ocon,Alpine,0 days 00:01:19.213000,HARD,1,8.0,79.213
OCO,Esteban Ocon,Alpine,0 days 00:01:19.177000,HARD,1,8.0,79.177
OCO,Esteban Ocon,Alpine,0 days 00:01:18.946000,HARD,1,8.0,78.946
OCO,Esteban Ocon,Alpine,0 days 00:01:19.057000,HARD,1,8.0,79.057
OCO,Esteban Ocon,Alpine,0 days 00:01:19.097000,HARD,1,8.0,79.097
OCO,Esteban Ocon,Alpine,0 days 00:01:19.365000,HARD,1,8.0,79.365
OCO,Esteban Ocon,Alpine,0 days 00:01:19.207000,HARD,1,8.0,79.207
OCO,Esteban Ocon,Alpine,0 days 00:01:19.189000,HARD,1,8.0,79.189
OCO,Esteban Ocon,Alpine,0 days 00:01:18.970000,HARD,1,8.0,78.97
OCO,Esteban Ocon,Alpine,0 days 00:01:19.175000,HARD,1,8.0,79.175
OCO,Esteban Ocon,Alpine,0 days 00:01:19.057000,HARD,1,8.0,79.057
OCO,Esteban Ocon,Alpine,0 days 00:01:19.174000,HARD,1,8.0,79.174
OCO,Esteban Ocon,Alpine,0 days 00:01:19.228000,HARD,1,8.0,79.228
OCO,Esteban Ocon,Alpine,0 days 00:01:19.174000,HARD,1,8.0,79.174
OCO,Esteban Ocon,Alpine,0 days 00:01:19.455000,HARD,1,8.0,79.455
ZHO,Guanyu Zhou,Alfa Romeo,0 days 00:01:21.232000,SOFT,1,9.0,81.232
ZHO,Guanyu Zhou,Alfa Romeo,0 days 00:01:20.397000,SOFT,1,8.0,80.397
ZHO,Guanyu Zhou,Alfa Romeo,0 days 00:01:21.514000,SOFT,1,8.0,81.514
ZHO,Guanyu Zhou,Alfa Romeo,0 days 00:01:21.494000,SOFT,1,8.0,81.494
ZHO,Guanyu Zhou,Alfa Romeo,0 days 00:01:21.174000,HARD,1,15.0,81.174
ZHO,Guanyu Zhou,Alfa Romeo,0 days 00:01:19.955000,HARD,1,15.0,79.955
ZHO,Guanyu Zhou,Alfa Romeo,0 days 00:01:19.948000,HARD,1,15.0,79.948
ZHO,Guanyu Zhou,Alfa Romeo,0 days 00:01:21.185000,HARD,1,16.0,81.185
ZHO,Guanyu Zhou,Alfa Romeo,0 days 00:01:20.906000,HARD,1,15.0,80.906
ZHO,Guanyu Zhou,Alfa Romeo,0 days 00:01:20.815000,HARD,1,12.0,80.815
ZHO,Guanyu Zhou,Alfa Romeo,0 days 00:01:20.568000,HARD,1,11.0,80.568
ZHO,Guanyu Zhou,Alfa Romeo,0 days 00:01:20.490000,HARD,1,11.0,80.49
ZHO,Guanyu Zhou,Alfa Romeo,0 days 00:01:20.479000,HARD,1,9.0,80.479
ZHO,Guanyu Zhou,Alfa Romeo,0 days 00:01:21.619000,HARD,1,10.0,81.619
ZHO,Guanyu Zhou,Alfa Romeo,0 days 00:01:21.227000,HARD,1,10.0,81.227
ZHO,Guanyu Zhou,Alfa Romeo,0 days 00:01:21.493000,HARD,1,10.0,81.493
ZHO,Guanyu Zhou,Alfa Romeo,0 days 00:01:21.399000,HARD,1,10.0,81.399
ZHO,Guanyu Zhou,Alfa Romeo,0 days 00:01:21.114000,HARD,1,10.0,81.114
ZHO,Guanyu Zhou,Alfa Romeo,0 days 00:01:20.895000,HARD,1,10.0,80.895
ZHO,Guanyu Zhou,Alfa Romeo,0 days 00:01:20.550000,HARD,1,10.0,80.55
ZHO,Guanyu Zhou,Alfa Romeo,0 days 00:01:20.946000,HARD,1,10.0,80.946
ZHO,Guanyu Zhou,Alfa Romeo,0 days 00:01:20.508000,HARD,1,10.0,80.508
ZHO,Guanyu Zhou,Alfa Romeo,0 days 00:01:20.405000,HARD,1,10.0,80.405
ZHO,Guanyu Zhou,Alfa Romeo,0 days 00:01:20.673000,HARD,1,10.0,80.673
ZHO,Guanyu Zhou,Alfa Romeo,0 days 00:01:20.679000,HARD,1,10.0,80.679
ZHO,Guanyu Zhou,Alfa Romeo,0 days 00:01:20.782000,HARD,1,10.0,80.782
ZHO,Guanyu Zhou,Alfa Romeo,0 days 00:01:20.446000,HARD,1,10.0,80.446
ZHO,Guanyu Zhou,Alfa Romeo,0 days 00:01:20.371000,HARD,1,8.0,80.371
ZHO,Guanyu Zhou,Alfa Romeo,0 days 00:01:18.753000,HARD,1,15.0,78.753
ZHO,Guanyu Zhou,Alfa Romeo,0 days 00:01:18.982000,HARD,1,14.0,78.982
ZHO,Guanyu Zhou,Alfa Romeo,0 days 00:01:19.119000,HARD,1,12.0,79.119
ZHO,Guanyu Zhou,Alfa Romeo,0 days 00:01:19.065000,HARD,1,12.0,79.065
ZHO,Guanyu Zhou,Alfa Romeo,0 days 00:01:19.044000,HARD,1,11.0,79.044
ZHO,Guanyu Zhou,Alfa Romeo,0 days 00:01:19.073000,HARD,1,10.0,79.073
ZHO,Guanyu Zhou,Alfa Romeo,0 days 00:01:19.336000,HARD,1,10.0,79.336
ZHO,Guanyu Zhou,Alfa Romeo,0 days 00:01:19.326000,HARD,1,9.0,79.326
ZHO,Guanyu Zhou,Alfa Romeo,0 days 00:01:19.122000,HARD,1,9.0,79.122
ZHO,Guanyu Zhou,Alfa Romeo,0 days 00:01:19.214000,HARD,1,9.0,79.214
ZHO,Guanyu Zhou,Alfa Romeo,0 days 00:01:19.749000,HARD,1,10.0,79.749
ZHO,Guanyu Zhou,Alfa Romeo,0 days 00:01:19.276000,HARD,1,10.0,79.276
ZHO,Guanyu Zhou,Alfa Romeo,0 days 00:01:19.461000,HARD,1,10.0,79.461
ZHO,Guanyu Zhou,Alfa Romeo,0 days 00:01:19.699000,HARD,1,10.0,79.699
ZHO,Guanyu Zhou,Alfa Romeo,0 days 00:01:19.040000,HARD,1,10.0,79.04
ZHO,Guanyu Zhou,Alfa Romeo,0 days 00:01:19.086000,HARD,1,10.0,79.086
ZHO,Guanyu Zhou,Alfa Romeo,0 days 00:01:19.057000,HARD,1,10.0,79.057
ZHO,Guanyu Zhou,Alfa Romeo,0 days 00:01:19.147000,HARD,1,10.0,79.147
ZHO,Guanyu Zhou,Alfa Romeo,0 days 00:01:20.335000,HARD,1,10.0,80.335
ZHO,Guanyu Zhou,Alfa Romeo,0 days 00:01:19.425000,HARD,1,10.0,79.425
ZHO,Guanyu Zhou,Alfa Romeo,0 days 00:01:19.123000,HARD,1,10.0,79.123
ZHO,Guanyu Zhou,Alfa Romeo,0 days 00:01:18.973000,HARD,1,10.0,78.973
ZHO,Guanyu Zhou,Alfa Romeo,0 days 00:01:19.070000,HARD,1,10.0,79.07
ZHO,Guanyu Zhou,Alfa Romeo,0 days 00:01:18.954000,HARD,1,10.0,78.954
ZHO,Guanyu Zhou,Alfa Romeo,0 days 00:01:19.369000,HARD,1,10.0,79.369
ZHO,Guanyu Zhou,Alfa Romeo,0 days 00:01:19.231000,HARD,1,10.0,79.231
ZHO,Guanyu Zhou,Alfa Romeo,0 days 00:01:19.257000,HARD,1,10.0,79.257
ZHO,Guanyu Zhou,Alfa Romeo,0 days 00:01:19.137000,HARD,1,10.0,79.137
ZHO,Guanyu Zhou,Alfa Romeo,0 days 00:01:19.108000,HARD,1,10.0,79.108
GAS,Pierre Gasly,Alpine,0 days 00:01:21.453000,SOFT,1,14.0,81.453
GAS,Pierre Gasly,Alpine,0 days 00:01:21.432000,SOFT,1,14.0,81.432
GAS,Pierre Gasly,Alpine,0 days 00:01:21.563000,SOFT,1,13.0,81.563
GAS,Pierre Gasly,Alpine,0 days 00:01:21.410000,SOFT,1,11.0,81.41
GAS,Pierre Gasly,Alpine,0 days 00:01:21.060000,SOFT,1,10.0,81.06
GAS,Pierre Gasly,Alpine,0 days 00:01:21.058000,SOFT,1,10.0,81.058
GAS,Pierre Gasly,Alpine,0 days 00:01:21.318000,SOFT,1,10.0,81.318
GAS,Pierre Gasly,Alpine,0 days 00:01:21.307000,SOFT,1,9.0,81.307
GAS,Pierre Gasly,Alpine,0 days 00:01:21.360000,SOFT,1,8.0,81.36
GAS,Pierre Gasly,Alpine,0 days 00:01:21.543000,SOFT,1,7.0,81.543
GAS,Pierre Gasly,Alpine,0 days 00:01:21.554000,SOFT,1,6.0,81.554
GAS,Pierre Gasly,Alpine,0 days 00:01:21.199000,SOFT,1,6.0,81.199
GAS,Pierre Gasly,Alpine,0 days 00:01:19.437000,MEDIUM,1,15.0,79.437
GAS,Pierre Gasly,Alpine,0 days 00:01:20.694000,MEDIUM,1,15.0,80.694
GAS,Pierre Gasly,Alpine,0 days 00:01:21.299000,MEDIUM,1,14.0,81.299
GAS,Pierre Gasly,Alpine,0 days 00:01:19.647000,MEDIUM,1,13.0,79.647
GAS,Pierre Gasly,Alpine,0 days 00:01:19.868000,MEDIUM,1,13.0,79.868
GAS,Pierre Gasly,Alpine,0 days 00:01:20.473000,MEDIUM,1,12.0,80.473
GAS,Pierre Gasly,Alpine,0 days 00:01:19.477000,MEDIUM,1,12.0,79.477
GAS,Pierre Gasly,Alpine,0 days 00:01:19.996000,MEDIUM,1,12.0,79.996
GAS,Pierre Gasly,Alpine,0 days 00:01:20.141000,MEDIUM,1,12.0,80.141
GAS,Pierre Gasly,Alpine,0 days 00:01:20.474000,MEDIUM,1,12.0,80.474
GAS,Pierre Gasly,Alpine,0 days 00:01:20.393000,MEDIUM,1,12.0,80.393
GAS,Pierre Gasly,Alpine,0 days 00:01:20.506000,MEDIUM,1,12.0,80.506
GAS,Pierre Gasly,Alpine,0 days 00:01:20.943000,MEDIUM,1,12.0,80.943
GAS,Pierre Gasly,Alpine,0 days 00:01:20.433000,MEDIUM,1,12.0,80.433
GAS,Pierre Gasly,Alpine,0 days 00:01:21.005000,MEDIUM,1,10.0,81.005
GAS,Pierre Gasly,Alpine,0 days 00:01:20.884000,MEDIUM,1,8.0,80.884
GAS,Pierre Gasly,Alpine,0 days 00:01:20.466000,MEDIUM,1,8.0,80.466
GAS,Pierre Gasly,Alpine,0 days 00:01:20.404000,MEDIUM,1,8.0,80.404
GAS,Pierre Gasly,Alpine,0 days 00:01:18.375000,HARD,1,14.0,78.375
GAS,Pierre Gasly,Alpine,0 days 00:01:18.577000,HARD,1,13.0,78.577
GAS,Pierre Gasly,Alpine,0 days 00:01:18.658000,HARD,1,13.0,78.658
GAS,Pierre Gasly,Alpine,0 days 00:01:18.804000,HARD,1,12.0,78.804
GAS,Pierre Gasly,Alpine,0 days 00:01:19.161000,HARD,1,12.0,79.161
GAS,Pierre Gasly,Alpine,0 days 00:01:19.092000,HARD,1,12.0,79.092
GAS,Pierre Gasly,Alpine,0 days 00:01:18.948000,HARD,1,12.0,78.948
GAS,Pierre Gasly,Alpine,0 days 00:01:19.191000,HARD,1,11.0,79.191
GAS,Pierre Gasly,Alpine,0 days 00:01:18.843000,HARD,1,11.0,78.843
GAS,Pierre Gasly,Alpine,0 days 00:01:18.845000,HARD,1,11.0,78.845
GAS,Pierre Gasly,Alpine,0 days 00:01:18.796000,HARD,1,11.0,78.796
GAS,Pierre Gasly,Alpine,0 days 00:01:19.006000,HARD,1,11.0,79.006
GAS,Pierre Gasly,Alpine,0 days 00:01:18.824000,HARD,1,11.0,78.824
GAS,Pierre Gasly,Alpine,0 days 00:01:18.991000,HARD,1,11.0,78.991
GAS,Pierre Gasly,Alpine,0 days 00:01:19.195000,HARD,1,11.0,79.195
GAS,Pierre Gasly,Alpine,0 days 00:01:19.565000,HARD,1,11.0,79.565
GAS,Pierre Gasly,Alpine,0 days 00:01:19.287000,HARD,1,11.0,79.287
GAS,Pierre Gasly,Alpine,0 days 00:01:19.232000,HARD,1,11.0,79.232
GAS,Pierre Gasly,Alpine,0 days 00:01:18.994000,HARD,1,11.0,78.994
GAS,Pierre Gasly,Alpine,0 days 00:01:18.965000,HARD,1,11.0,78.965
GAS,Pierre Gasly,Alpine,0 days 00:01:19.052000,HARD,1,11.0,79.052
GAS,Pierre Gasly,Alpine,0 days 00:01:19.178000,HARD,1,11.0,79.178
GAS,Pierre Gasly,Alpine,0 days 00:01:19.232000,HARD,1,11.0,79.232
GAS,Pierre Gasly,Alpine,0 days 00:01:19.524000,HARD,1,11.0,79.524
GAS,Pierre Gasly,Alpine,0 days 00:01:18.990000,HARD,1,11.0,78.99
GAS,Pierre Gasly,Alpine,0 days 00:01:19.118000,HARD,1,11.0,79.118
LEC,Charles Leclerc,Ferrari,0 days 00:01:21.469000,HARD,1,19.0,81.469
LEC,Charles Leclerc,Ferrari,0 days 00:01:21.631000,HARD,1,17.0,81.631
LEC,Charles Leclerc,Ferrari,0 days 00:01:20.827000,HARD,1,17.0,80.827
LEC,Charles Leclerc,Ferrari,0 days 00:01:21.403000,HARD,1,16.0,81.403
LEC,Charles Leclerc,Ferrari,0 days 00:01:20.840000,HARD,1,11.0,80.84
LEC,Charles Leclerc,Ferrari,0 days 00:01:21.504000,HARD,1,11.0,81.504
LEC,Charles Leclerc,Ferrari,0 days 00:01:21.545000,HARD,1,9.0,81.545
LEC,Charles Leclerc,Ferrari,0 days 00:01:20.940000,SOFT,1,17.0,80.94
LEC,Charles Leclerc,Ferrari,0 days 00:01:20.553000,SOFT,1,17.0,80.553
LEC,Charles Leclerc,Ferrari,0 days 00:01:20.066000,SOFT,1,15.0,80.066
LEC,Charles Leclerc,Ferrari,0 days 00:01:21.325000,SOFT,1,16.0,81.325
LEC,Charles Leclerc,Ferrari,0 days 00:01:20.851000,SOFT,1,16.0,80.851
LEC,Charles Leclerc,Ferrari,0 days 00:01:20.901000,SOFT,1,16.0,80.901
LEC,Charles Leclerc,Ferrari,0 days 00:01:21.588000,SOFT,1,15.0,81.588
LEC,Charles Leclerc,Ferrari,0 days 00:01:20.414000,SOFT,1,15.0,80.414
LEC,Charles Leclerc,Ferrari,0 days 00:01:20.078000,SOFT,1,13.0,80.078
LEC,Charles Leclerc,Ferrari,0 days 00:01:20.272000,SOFT,1,13.0,80.272
LEC,Charles Leclerc,Ferrari,0 days 00:01:20.495000,SOFT,1,13.0,80.495
LEC,Charles Leclerc,Ferrari,0 days 00:01:20.348000,SOFT,1,13.0,80.348
LEC,Charles Leclerc,Ferrari,0 days 00:01:20.325000,SOFT,1,13.0,80.325
LEC,Charles Leclerc,Ferrari,0 days 00:01:20.296000,SOFT,1,13.0,80.296
LEC,Charles Leclerc,Ferrari,0 days 00:01:20.316000,SOFT,1,13.0,80.316
LEC,Charles Leclerc,Ferrari,0 days 00:01:20.247000,SOFT,1,13.0,80.247
LEC,Charles Leclerc,Ferrari,0 days 00:01:20.374000,SOFT,1,13.0,80.374
LEC,Charles Leclerc,Ferrari,0 days 00:01:20.361000,SOFT,1,11.0,80.361
LEC,Charles Leclerc,Ferrari,0 days 00:01:20.554000,SOFT,1,10.0,80.554
LEC,Charles Leclerc,Ferrari,0 days 00:01:20.676000,SOFT,1,9.0,80.676
LEC,Charles Leclerc,Ferrari,0 days 00:01:20.458000,SOFT,1,9.0,80.458
LEC,Charles Leclerc,Ferrari,0 days 00:01:20.558000,SOFT,1,8.0,80.558
LEC,Charles Leclerc,Ferrari,0 days 00:01:20.219000,SOFT,1,7.0,80.219
LEC,Charles Leclerc,Ferrari,0 days 00:01:18.460000,HARD,1,14.0,78.46
LEC,Charles Leclerc,Ferrari,0 days 00:01:18.657000,HARD,1,13.0,78.657
LEC,Charles Leclerc,Ferrari,0 days 00:01:18.634000,HARD,1,13.0,78.634
LEC,Charles Leclerc,Ferrari,0 days 00:01:18.749000,HARD,1,13.0,78.749
LEC,Charles Leclerc,Ferrari,0 days 00:01:18.709000,HARD,1,13.0,78.709
LEC,Charles Leclerc,Ferrari,0 days 00:01:18.763000,HARD,1,13.0,78.763
LEC,Charles Leclerc,Ferrari,0 days 00:01:19.918000,HARD,1,13.0,79.918
LEC,Charles Leclerc,Ferrari,0 days 00:01:19.165000,HARD,1,13.0,79.165
LEC,Charles Leclerc,Ferrari,0 days 00:01:18.617000,HARD,1,12.0,78.617
LEC,Charles Leclerc,Ferrari,0 days 00:01:18.357000,HARD,1,12.0,78.357
LEC,Charles Leclerc,Ferrari,0 days 00:01:18.558000,HARD,1,12.0,78.558
LEC,Charles Leclerc,Ferrari,0 days 00:01:18.707000,HARD,1,12.0,78.707
LEC,Charles Leclerc,Ferrari,0 days 00:01:18.853000,HARD,1,12.0,78.853
LEC,Charles Leclerc,Ferrari,0 days 00:01:18.897000,HARD,1,12.0,78.897
LEC,Charles Leclerc,Ferrari,0 days 00:01:18.871000,HARD,1,12.0,78.871
LEC,Charles Leclerc,Ferrari,0 days 00:01:18.863000,HARD,1,12.0,78.863
LEC,Charles Leclerc,Ferrari,0 days 00:01:18.840000,HARD,1,12.0,78.84
LEC,Charles Leclerc,Ferrari,0 days 00:01:18.619000,HARD,1,12.0,78.619
LEC,Charles Leclerc,Ferrari,0 days 00:01:18.682000,HARD,1,12.0,78.682
LEC,Charles Leclerc,Ferrari,0 days 00:01:19.035000,HARD,1,12.0,79.035
LEC,Charles Leclerc,Ferrari,0 days 00:01:19.096000,HARD,1,12.0,79.096
LEC,Charles Leclerc,Ferrari,0 days 00:01:19.502000,HARD,1,12.0,79.502
LEC,Charles Leclerc,Ferrari,0 days 00:01:18.922000,HARD,1,12.0,78.922
LEC,Charles Leclerc,Ferrari,0 days 00:01:19.271000,HARD,1,12.0,79.271
TSU,Yuki Tsunoda,AlphaTauri,0 days 00:01:21.587000,SOFT,1,11.0,81.587
TSU,Yuki Tsunoda,AlphaTauri,0 days 00:01:21.030000,SOFT,1,11.0,81.03
TSU,Yuki Tsunoda,AlphaTauri,0 days 00:01:21.647000,SOFT,1,11.0,81.647
TSU,Yuki Tsunoda,AlphaTauri,0 days 00:01:21.268000,SOFT,1,10.0,81.268
TSU,Yuki Tsunoda,AlphaTauri,0 days 00:01:21.185000,SOFT,1,10.0,81.185
TSU,Yuki Tsunoda,AlphaTauri,0 days 00:01:21.451000,SOFT,1,9.0,81.451
TSU,Yuki Tsunoda,AlphaTauri,0 days 00:01:20.243000,HARD,1,16.0,80.243
TSU,Yuki Tsunoda,AlphaTauri,0 days 00:01:19.767000,HARD,1,16.0,79.767
TSU,Yuki Tsunoda,AlphaTauri,0 days 00:01:21.161000,HARD,1,15.0,81.161
TSU,Yuki Tsunoda,AlphaTauri,0 days 00:01:20.161000,HARD,1,14.0,80.161
TSU,Yuki Tsunoda,AlphaTauri,0 days 00:01:20.377000,HARD,1,13.0,80.377
TSU,Yuki Tsunoda,AlphaTauri,0 days 00:01:20.998000,HARD,1,11.0,80.998
TSU,Yuki Tsunoda,AlphaTauri,0 days 00:01:20.223000,HARD,1,10.0,80.223
TSU,Yuki Tsunoda,AlphaTauri,0 days 00:01:20.222000,HARD,1,10.0,80.222
TSU,Yuki Tsunoda,AlphaTauri,0 days 00:01:20.262000,HARD,1,8.0,80.262
TSU,Yuki Tsunoda,AlphaTauri,0 days 00:01:20.591000,HARD,1,8.0,80.591
TSU,Yuki Tsunoda,AlphaTauri,0 days 00:01:20.468000,HARD,1,8.0,80.468
TSU,Yuki Tsunoda,AlphaTauri,0 days 00:01:20.410000,HARD,1,8.0,80.41
TSU,Yuki Tsunoda,AlphaTauri,0 days 00:01:20.600000,HARD,1,8.0,80.6
TSU,Yuki Tsunoda,AlphaTauri,0 days 00:01:20.643000,HARD,1,8.0,80.643
TSU,Yuki Tsunoda,AlphaTauri,0 days 00:01:20.999000,HARD,1,8.0,80.999
TSU,Yuki Tsunoda,AlphaTauri,0 days 00:01:20.471000,HARD,1,8.0,80.471
TSU,Yuki Tsunoda,AlphaTauri,0 days 00:01:20.310000,HARD,1,7.0,80.31
TSU,Yuki Tsunoda,AlphaTauri,0 days 00:01:20.372000,HARD,1,7.0,80.372
TSU,Yuki Tsunoda,AlphaTauri,0 days 00:01:20.329000,HARD,1,7.0,80.329
TSU,Yuki Tsunoda,AlphaTauri,0 days 00:01:20.595000,HARD,1,7.0,80.595
TSU,Yuki Tsunoda,AlphaTauri,0 days 00:01:20.793000,HARD,1,7.0,80.793
TSU,Yuki Tsunoda,AlphaTauri,0 days 00:01:19.141000,MEDIUM,1,13.0,79.141
TSU,Yuki Tsunoda,AlphaTauri,0 days 00:01:20.375000,MEDIUM,1,12.0,80.375
TSU,Yuki Tsunoda,AlphaTauri,0 days 00:01:20.120000,MEDIUM,1,11.0,80.12
TSU,Yuki Tsunoda,AlphaTauri,0 days 00:01:20.766000,MEDIUM,1,12.0,80.766
TSU,Yuki Tsunoda,AlphaTauri,0 days 00:01:19.886000,MEDIUM,1,10.0,79.886
TSU,Yuki Tsunoda,AlphaTauri,0 days 00:01:19.728000,MEDIUM,1,10.0,79.728
TSU,Yuki Tsunoda,AlphaTauri,0 days 00:01:19.615000,MEDIUM,1,9.0,79.615
TSU,Yuki Tsunoda,AlphaTauri,0 days 00:01:19.645000,MEDIUM,1,9.0,79.645
TSU,Yuki Tsunoda,AlphaTauri,0 days 00:01:20.063000,MEDIUM,1,9.0,80.063
TSU,Yuki Tsunoda,AlphaTauri,0 days 00:01:19.746000,MEDIUM,1,8.0,79.746
TSU,Yuki Tsunoda,AlphaTauri,0 days 00:01:19.714000,MEDIUM,1,8.0,79.714
TSU,Yuki Tsunoda,AlphaTauri,0 days 00:01:19.625000,MEDIUM,1,8.0,79.625
TSU,Yuki Tsunoda,AlphaTauri,0 days 00:01:19.492000,MEDIUM,1,8.0,79.492
TSU,Yuki Tsunoda,AlphaTauri,0 days 00:01:20.145000,MEDIUM,1,9.0,80.145
TSU,Yuki Tsunoda,AlphaTauri,0 days 00:01:19.211000,MEDIUM,1,9.0,79.211
TSU,Yuki Tsunoda,AlphaTauri,0 days 00:01:19.667000,MEDIUM,1,9.0,79.667
TSU,Yuki Tsunoda,AlphaTauri,0 days 00:01:19.236000,MEDIUM,1,9.0,79.236
TSU,Yuki Tsunoda,AlphaTauri,0 days 00:01:19.028000,MEDIUM,1,9.0,79.028
TSU,Yuki Tsunoda,AlphaTauri,0 days 00:01:19.267000,MEDIUM,1,9.0,79.267
TSU,Yuki Tsunoda,AlphaTauri,0 days 00:01:19.246000,MEDIUM,1,9.0,79.246
TSU,Yuki Tsunoda,AlphaTauri,0 days 00:01:19.568000,MEDIUM,1,9.0,79.568
TSU,Yuki Tsunoda,AlphaTauri,0 days 00:01:19.182000,MEDIUM,1,9.0,79.182
TSU,Yuki Tsunoda,AlphaTauri,0 days 00:01:19.220000,MEDIUM,1,9.0,79.22
TSU,Yuki Tsunoda,AlphaTauri,0 days 00:01:18.904000,MEDIUM,1,9.0,78.904
TSU,Yuki Tsunoda,AlphaTauri,0 days 00:01:18.979000,MEDIUM,1,9.0,78.979
TSU,Yuki Tsunoda,AlphaTauri,0 days 00:01:19.241000,MEDIUM,1,9.0,79.241
TSU,Yuki Tsunoda,AlphaTauri,0 days 00:01:19.206000,MEDIUM,1,9.0,79.206
TSU,Yuki Tsunoda,AlphaTauri,0 days 00:01:19.121000,MEDIUM,1,9.0,79.121
TSU,Yuki Tsunoda,AlphaTauri,0 days 00:01:19.182000,MEDIUM,1,9.0,79.182
TSU,Yuki Tsunoda,AlphaTauri,0 days 00:01:19.287000,MEDIUM,1,9.0,79.287
TSU,Yuki Tsunoda,AlphaTauri,0 days 00:01:19.167000,MEDIUM,1,9.0,79.167
PIA,Oscar Piastri,McLaren,0 days 00:01:21.271000,SOFT,1,12.0,81.271
PIA,Oscar Piastri,McLaren,0 days 00:01:21.546000,SOFT,1,12.0,81.546
PIA,Oscar Piastri,McLaren,0 days 00:01:21.408000,SOFT,1,9.0,81.408
PIA,Oscar Piastri,McLaren,0 days 00:01:21.025000,SOFT,1,9.0,81.025
PIA,Oscar Piastri,McLaren,0 days 00:01:20.997000,SOFT,1,9.0,80.997
PIA,Oscar Piastri,McLaren,0 days 00:01:21.498000,SOFT,1,9.0,81.498
PIA,Oscar Piastri,McLaren,0 days 00:01:21.290000,SOFT,1,8.0,81.29
PIA,Oscar Piastri,McLaren,0 days 00:01:21.369000,SOFT,1,7.0,81.369
PIA,Oscar Piastri,McLaren,0 days 00:01:19.785000,HARD,1,13.0,79.785
PIA,Oscar Piastri,McLaren,0 days 00:01:20.115000,HARD,1,12.0,80.115
PIA,Oscar Piastri,McLaren,0 days 00:01:20.380000,HARD,1,11.0,80.38
PIA,Oscar Piastri,McLaren,0 days 00:01:20.712000,HARD,1,11.0,80.712
PIA,Oscar Piastri,McLaren,0 days 00:01:20.738000,HARD,1,11.0,80.738
PIA,Oscar Piastri,McLaren,0 days 00:01:20.973000,HARD,1,11.0,80.973
PIA,Oscar Piastri,McLaren,0 days 00:01:20.770000,HARD,1,11.0,80.77
PIA,Oscar Piastri,McLaren,0 days 00:01:20.828000,HARD,1,11.0,80.828
PIA,Oscar Piastri,McLaren,0 days 00:01:20.618000,HARD,1,11.0,80.618
PIA,Oscar Piastri,McLaren,0 days 00:01:20.667000,HARD,1,11.0,80.667
PIA,Oscar Piastri,McLaren,0 days 00:01:20.352000,HARD,1,11.0,80.352
PIA,Oscar Piastri,McLaren,0 days 00:01:20.661000,HARD,1,11.0,80.661
PIA,Oscar Piastri,McLaren,0 days 00:01:20.469000,HARD,1,11.0,80.469
PIA,Oscar Piastri,McLaren,0 days 00:01:20.672000,HARD,1,11.0,80.672
PIA,Oscar Piastri,McLaren,0 days 00:01:20.868000,HARD,1,11.0,80.868
PIA,Oscar Piastri,McLaren,0 days 00:01:20.449000,HARD,1,11.0,80.449
PIA,Oscar Piastri,McLaren,0 days 00:01:20.449000,HARD,1,9.0,80.449
PIA,Oscar Piastri,McLaren,0 days 00:01:20.911000,HARD,1,7.0,80.911
PIA,Oscar Piastri,McLaren,0 days 00:01:20.497000,HARD,1,7.0,80.497
PIA,Oscar Piastri,McLaren,0 days 00:01:20.607000,HARD,1,7.0,80.607
PIA,Oscar Piastri,McLaren,0 days 00:01:18.679000,MEDIUM,1,13.0,78.679
PIA,Oscar Piastri,McLaren,0 days 00:01:18.987000,MEDIUM,1,12.0,78.987
PIA,Oscar Piastri,McLaren,0 days 00:01:18.864000,MEDIUM,1,11.0,78.864
PIA,Oscar Piastri,McLaren,0 days 00:01:18.854000,MEDIUM,1,11.0,78.854
PIA,Oscar Piastri,McLaren,0 days 00:01:19.080000,MEDIUM,1,11.0,79.08
PIA,Oscar Piastri,McLaren,0 days 00:01:19.470000,MEDIUM,1,11.0,79.47
PIA,Oscar Piastri,McLaren,0 days 00:01:19.397000,MEDIUM,1,11.0,79.397
PIA,Oscar Piastri,McLaren,0 days 00:01:21.667000,MEDIUM,1,12.0,81.667
PIA,Oscar Piastri,McLaren,0 days 00:01:21.089000,MEDIUM,1,12.0,81.089
PIA,Oscar Piastri,McLaren,0 days 00:01:19.227000,MEDIUM,1,12.0,79.227
PIA,Oscar Piastri,McLaren,0 days 00:01:20.902000,MEDIUM,1,13.0,80.902
PIA,Oscar Piastri,McLaren,0 days 00:01:19.507000,MEDIUM,1,13.0,79.507
PIA,Oscar Piastri,McLaren,0 days 00:01:19.358000,MEDIUM,1,13.0,79.358
PIA,Oscar Piastri,McLaren,0 days 00:01:19.380000,MEDIUM,1,13.0,79.38
PIA,Oscar Piastri,McLaren,0 days 00:01:19.453000,MEDIUM,1,13.0,79.453
PIA,Oscar Piastri,McLaren,0 days 00:01:19.365000,MEDIUM,1,13.0,79.365
PIA,Oscar Piastri,McLaren,0 days 00:01:19.396000,MEDIUM,1,13.0,79.396
PIA,Oscar Piastri,McLaren,0 days 00:01:19.104000,MEDIUM,1,13.0,79.104
PIA,Oscar Piastri,McLaren,0 days 00:01:19.096000,MEDIUM,1,13.0,79.096
PIA,Oscar Piastri,McLaren,0 days 00:01:18.831000,MEDIUM,1,13.0,78.831
PIA,Oscar Piastri,McLaren,0 days 00:01:19.078000,MEDIUM,1,13.0,79.078
PIA,Oscar Piastri,McLaren,0 days 00:01:19.200000,MEDIUM,1,13.0,79.2
PIA,Oscar Piastri,McLaren,0 days 00:01:20.997000,MEDIUM,1,13.0,80.997
PIA,Oscar Piastri,McLaren,0 days 00:01:19.393000,MEDIUM,1,13.0,79.393
PIA,Oscar Piastri,McLaren,0 days 00:01:19.100000,MEDIUM,1,13.0,79.1
DEV,Nyck De Vries,AlphaTauri,0 days 00:01:21.600000,SOFT,1,15.0,81.6
DEV,Nyck De Vries,AlphaTauri,0 days 00:01:21.572000,SOFT,1,15.0,81.572
DEV,Nyck De Vries,AlphaTauri,0 days 00:01:20.705000,HARD,1,18.0,80.705
DEV,Nyck De Vries,AlphaTauri,0 days 00:01:21.357000,HARD,1,19.0,81.357
DEV,Nyck De Vries,AlphaTauri,0 days 00:01:20.553000,HARD,1,19.0,80.553
DEV,Nyck De Vries,AlphaTauri,0 days 00:01:21.363000,HARD,1,19.0,81.363
DEV,Nyck De Vries,AlphaTauri,0 days 00:01:20.776000,HARD,1,18.0,80.776
DEV,Nyck De Vries,AlphaTauri,0 days 00:01:21.022000,HARD,1,18.0,81.022
DEV,Nyck De Vries,AlphaTauri,0 days 00:01:20.808000,HARD,1,16.0,80.808
DEV,Nyck De Vries,AlphaTauri,0 days 00:01:21.221000,HARD,1,14.0,81.221
DEV,Nyck De Vries,AlphaTauri,0 days 00:01:21.571000,HARD,1,15.0,81.571
DEV,Nyck De Vries,AlphaTauri,0 days 00:01:21.217000,HARD,1,14.0,81.217
DEV,Nyck De Vries,AlphaTauri,0 days 00:01:21.642000,HARD,1,14.0,81.642
DEV,Nyck De Vries,AlphaTauri,0 days 00:01:21.656000,HARD,1,14.0,81.656
DEV,Nyck De Vries,AlphaTauri,0 days 00:01:21.431000,HARD,1,14.0,81.431
DEV,Nyck De Vries,AlphaTauri,0 days 00:01:20.520000,HARD,1,14.0,80.52
DEV,Nyck De Vries,AlphaTauri,0 days 00:01:20.811000,HARD,1,14.0,80.811
DEV,Nyck De Vries,AlphaTauri,0 days 00:01:20.848000,HARD,1,14.0,80.848
DEV,Nyck De Vries,AlphaTauri,0 days 00:01:20.497000,HARD,1,14.0,80.497
DEV,Nyck De Vries,AlphaTauri,0 days 00:01:20.460000,HARD,1,14.0,80.46
DEV,Nyck De Vries,AlphaTauri,0 days 00:01:20.483000,HARD,1,14.0,80.483
DEV,Nyck De Vries,AlphaTauri,0 days 00:01:20.503000,HARD,1,14.0,80.503
DEV,Nyck De Vries,AlphaTauri,0 days 00:01:20.724000,HARD,1,14.0,80.724
DEV,Nyck De Vries,AlphaTauri,0 days 00:01:20.923000,HARD,1,14.0,80.923
DEV,Nyck De Vries,AlphaTauri,0 days 00:01:20.770000,HARD,1,12.0,80.77
DEV,Nyck De Vries,AlphaTauri,0 days 00:01:20.764000,HARD,1,11.0,80.764
DEV,Nyck De Vries,AlphaTauri,0 days 00:01:20.909000,HARD,1,10.0,80.909
DEV,Nyck De Vries,AlphaTauri,0 days 00:01:19.346000,MEDIUM,1,17.0,79.346
DEV,Nyck De Vries,AlphaTauri,0 days 00:01:18.594000,MEDIUM,1,16.0,78.594
DEV,Nyck De Vries,AlphaTauri,0 days 00:01:20.210000,MEDIUM,1,15.0,80.21
DEV,Nyck De Vries,AlphaTauri,0 days 00:01:19.240000,MEDIUM,1,15.0,79.24
DEV,Nyck De Vries,AlphaTauri,0 days 00:01:19.312000,MEDIUM,1,14.0,79.312
DEV,Nyck De Vries,AlphaTauri,0 days 00:01:18.931000,MEDIUM,1,14.0,78.931
DEV,Nyck De Vries,AlphaTauri,0 days 00:01:18.972000,MEDIUM,1,14.0,78.972
DEV,Nyck De Vries,AlphaTauri,0 days 00:01:19.111000,MEDIUM,1,14.0,79.111
DEV,Nyck De Vries,AlphaTauri,0 days 00:01:18.803000,MEDIUM,1,14.0,78.803
DEV,Nyck De Vries,AlphaTauri,0 days 00:01:19.009000,MEDIUM,1,14.0,79.009
DEV,Nyck De Vries,AlphaTauri,0 days 00:01:19.340000,MEDIUM,1,14.0,79.34
DEV,Nyck De Vries,AlphaTauri,0 days 00:01:19.350000,MEDIUM,1,14.0,79.35
DEV,Nyck De Vries,AlphaTauri,0 days 00:01:19.298000,MEDIUM,1,14.0,79.298
DEV,Nyck De Vries,AlphaTauri,0 days 00:01:19.186000,MEDIUM,1,14.0,79.186
DEV,Nyck De Vries,AlphaTauri,0 days 00:01:19.299000,MEDIUM,1,14.0,79.299
DEV,Nyck De Vries,AlphaTauri,0 days 00:01:19.035000,MEDIUM,1,14.0,79.035
DEV,Nyck De Vries,AlphaTauri,0 days 00:01:19.294000,MEDIUM,1,14.0,79.294
DEV,Nyck De Vries,AlphaTauri,0 days 00:01:19.164000,MEDIUM,1,14.0,79.164
DEV,Nyck De Vries,AlphaTauri,0 days 00:01:19.240000,MEDIUM,1,14.0,79.24
DEV,Nyck De Vries,AlphaTauri,0 days 00:01:19.014000,MEDIUM,1,14.0,79.014
DEV,Nyck De Vries,AlphaTauri,0 days 00:01:19.399000,MEDIUM,1,14.0,79.399
DEV,Nyck De Vries,AlphaTauri,0 days 00:01:19.372000,MEDIUM,1,14.0,79.372
DEV,Nyck De Vries,AlphaTauri,0 days 00:01:20.567000,MEDIUM,1,14.0,80.567
DEV,Nyck De Vries,AlphaTauri,0 days 00:01:19.184000,MEDIUM,1,14.0,79.184
DEV,Nyck De Vries,AlphaTauri,0 days 00:01:19.166000,MEDIUM,1,14.0,79.166
DEV,Nyck De Vries,AlphaTauri,0 days 00:01:19.031000,MEDIUM,1,14.0,79.031
HUL,Nico Hulkenberg,Haas F1 Team,0 days 00:01:21.363000,SOFT,1,8.0,81.363
HUL,Nico Hulkenberg,Haas F1 Team,0 days 00:01:20.101000,MEDIUM,1,17.0,80.101
HUL,Nico Hulkenberg,Haas F1 Team,0 days 00:01:19.527000,MEDIUM,1,14.0,79.527
HUL,Nico Hulkenberg,Haas F1 Team,0 days 00:01:20.114000,MEDIUM,1,14.0,80.114
HUL,Nico Hulkenberg,Haas F1 Team,0 days 00:01:20.356000,MEDIUM,1,14.0,80.356
HUL,Nico Hulkenberg,Haas F1 Team,0 days 00:01:21.467000,MEDIUM,1,13.0,81.467
HUL,Nico Hulkenberg,Haas F1 Team,0 days 00:01:21.335000,MEDIUM,1,12.0,81.335
HUL,Nico Hulkenberg,Haas F1 Team,0 days 00:01:21.164000,MEDIUM,1,12.0,81.164
HUL,Nico Hulkenberg,Haas F1 Team,0 days 00:01:21.266000,MEDIUM,1,11.0,81.266
HUL,Nico Hulkenberg,Haas F1 Team,0 days 00:01:20.991000,MEDIUM,1,12.0,80.991
HUL,Nico Hulkenberg,Haas F1 Team,0 days 00:01:21.129000,MEDIUM,1,12.0,81.129
HUL,Nico Hulkenberg,Haas F1 Team,0 days 00:01:21.330000,MEDIUM,1,12.0,81.33
HUL,Nico Hulkenberg,Haas F1 Team,0 days 00:01:21.144000,MEDIUM,1,12.0,81.144
HUL,Nico Hulkenberg,Haas F1 Team,0 days 00:01:18.959000,HARD,1,18.0,78.959
HUL,Nico Hulkenberg,Haas F1 Team,0 days 00:01:18.981000,HARD,1,18.0,78.981
HUL,Nico Hulkenberg,Haas F1 Team,0 days 00:01:19.314000,HARD,1,18.0,79.314
HUL,Nico Hulkenberg,Haas F1 Team,0 days 00:01:18.964000,HARD,1,17.0,78.964
HUL,Nico Hulkenberg,Haas F1 Team,0 days 00:01:19.493000,HARD,1,16.0,79.493
HUL,Nico Hulkenberg,Haas F1 Team,0 days 00:01:19.922000,HARD,1,16.0,79.922
HUL,Nico Hulkenberg,Haas F1 Team,0 days 00:01:19.177000,HARD,1,15.0,79.177
HUL,Nico Hulkenberg,Haas F1 Team,0 days 00:01:19.874000,HARD,1,15.0,79.874
HUL,Nico Hulkenberg,Haas F1 Team,0 days 00:01:20.814000,HARD,1,15.0,80.814
HUL,Nico Hulkenberg,Haas F1 Team,0 days 00:01:20.041000,HARD,1,14.0,80.041
HUL,Nico Hulkenberg,Haas F1 Team,0 days 00:01:20.033000,HARD,1,14.0,80.033
HUL,Nico Hulkenberg,Haas F1 Team,0 days 00:01:20.310000,HARD,1,13.0,80.31
HUL,Nico Hulkenberg,Haas F1 Team,0 days 00:01:20.031000,HARD,1,11.0,80.031
HUL,Nico Hulkenberg,Haas F1 Team,0 days 00:01:20.039000,HARD,1,11.0,80.039
HUL,Nico Hulkenberg,Haas F1 Team,0 days 00:01:20.001000,HARD,1,10.0,80.001
HUL,Nico Hulkenberg,Haas F1 Team,0 days 00:01:18.912000,MEDIUM,1,16.0,78.912
HUL,Nico Hulkenberg,Haas F1 Team,0 days 00:01:18.841000,MEDIUM,1,16.0,78.841
HUL,Nico Hulkenberg,Haas F1 Team,0 days 00:01:19.121000,MEDIUM,1,16.0,79.121
HUL,Nico Hulkenberg,Haas F1 Team,0 days 00:01:18.947000,MEDIUM,1,16.0,78.947
HUL,Nico Hulkenberg,Haas F1 Team,0 days 00:01:19.272000,MEDIUM,1,16.0,79.272
HUL,Nico Hulkenberg,Haas F1 Team,0 days 00:01:18.855000,MEDIUM,1,16.0,78.855
HUL,Nico Hulkenberg,Haas F1 Team,0 days 00:01:18.861000,MEDIUM,1,15.0,78.861
HUL,Nico Hulkenberg,Haas F1 Team,0 days 00:01:18.962000,MEDIUM,1,15.0,78.962
HUL,Nico Hulkenberg,Haas F1 Team,0 days 00:01:18.776000,MEDIUM,1,15.0,78.776
HUL,Nico Hulkenberg,Haas F1 Team,0 days 00:01:18.951000,MEDIUM,1,15.0,78.951
HUL,Nico Hulkenberg,Haas F1 Team,0 days 00:01:20.482000,MEDIUM,1,15.0,80.482
HUL,Nico Hulkenberg,Haas F1 Team,0 days 00:01:19.721000,MEDIUM,1,15.0,79.721
HUL,Nico Hulkenberg,Haas F1 Team,0 days 00:01:19.128000,MEDIUM,1,15.0,79.128
HUL,Nico Hulkenberg,Haas F1 Team,0 days 00:01:19.151000,MEDIUM,1,15.0,79.151
HUL,Nico Hulkenberg,Haas F1 Team,0 days 00:01:18.985000,MEDIUM,1,15.0,78.985
HUL,Nico Hulkenberg,Haas F1 Team,0 days 00:01:18.997000,MEDIUM,1,15.0,78.997
HUL,Nico Hulkenberg,Haas F1 Team,0 days 00:01:18.949000,MEDIUM,1,15.0,78.949
HUL,Nico Hulkenberg,Haas F1 Team,0 days 00:01:19.232000,MEDIUM,1,15.0,79.232
HUL,Nico Hulkenberg,Haas F1 Team,0 days 00:01:19.524000,MEDIUM,1,15.0,79.524
HUL,Nico Hulkenberg,Haas F1 Team,0 days 00:01:19.320000,MEDIUM,1,15.0,79.32
HUL,Nico Hulkenberg,Haas F1 Team,0 days 00:01:19.416000,MEDIUM,1,15.0,79.416
ALB,Alexander Albon,Williams,0 days 00:01:20.754000,HARD,1,19.0,80.754
ALB,Alexander Albon,Williams,0 days 00:01:20.593000,HARD,1,19.0,80.593
ALB,Alexander Albon,Williams,0 days 00:01:20.897000,HARD,1,19.0,80.897
ALB,Alexander Albon,Williams,0 days 00:01:20.981000,HARD,1,19.0,80.981
ALB,Alexander Albon,Williams,0 days 00:01:21.195000,HARD,1,19.0,81.195
ALB,Alexander Albon,Williams,0 days 00:01:21.094000,HARD,1,18.0,81.094
ALB,Alexander Albon,Williams,0 days 00:01:21.121000,HARD,1,18.0,81.121
ALB,Alexander Albon,Williams,0 days 00:01:21.114000,HARD,1,17.0,81.114
ALB,Alexander Albon,Williams,0 days 00:01:21.020000,HARD,1,17.0,81.02
ALB,Alexander Albon,Williams,0 days 00:01:20.762000,HARD,1,16.0,80.762
ALB,Alexander Albon,Williams,0 days 00:01:21.033000,HARD,1,16.0,81.033
ALB,Alexander Albon,Williams,0 days 00:01:20.895000,HARD,1,16.0,80.895
ALB,Alexander Albon,Williams,0 days 00:01:20.671000,HARD,1,16.0,80.671
ALB,Alexander Albon,Williams,0 days 00:01:20.912000,HARD,1,16.0,80.912
ALB,Alexander Albon,Williams,0 days 00:01:21.221000,HARD,1,17.0,81.221
ALB,Alexander Albon,Williams,0 days 00:01:21.159000,HARD,1,17.0,81.159
ALB,Alexander Albon,Williams,0 days 00:01:20.941000,HARD,1,17.0,80.941
ALB,Alexander Albon,Williams,0 days 00:01:21.342000,HARD,1,17.0,81.342
ALB,Alexander Albon,Williams,0 days 00:01:19.770000,MEDIUM,1,19.0,79.77
ALB,Alexander Albon,Williams,0 days 00:01:19.546000,MEDIUM,1,18.0,79.546
ALB,Alexander Albon,Williams,0 days 00:01:19.500000,MEDIUM,1,18.0,79.5
ALB,Alexander Albon,Williams,0 days 00:01:19.639000,MEDIUM,1,18.0,79.639
ALB,Alexander Albon,Williams,0 days 00:01:19.836000,MEDIUM,1,17.0,79.836
ALB,Alexander Albon,Williams,0 days 00:01:19.758000,MEDIUM,1,17.0,79.758
ALB,Alexander Albon,Williams,0 days 00:01:19.654000,MEDIUM,1,17.0,79.654
ALB,Alexander Albon,Williams,0 days 00:01:19.620000,MEDIUM,1,17.0,79.62
ALB,Alexander Albon,Williams,0 days 00:01:19.525000,MEDIUM,1,17.0,79.525
ALB,Alexander Albon,Williams,0 days 00:01:19.426000,MEDIUM,1,17.0,79.426
ALB,Alexander Albon,Williams,0 days 00:01:19.712000,MEDIUM,1,17.0,79.712
ALB,Alexander Albon,Williams,0 days 00:01:19.650000,MEDIUM,1,17.0,79.65
ALB,Alexander Albon,Williams,0 days 00:01:19.447000,MEDIUM,1,16.0,79.447
ALB,Alexander Albon,Williams,0 days 00:01:19.390000,MEDIUM,1,16.0,79.39
ALB,Alexander Albon,Williams,0 days 00:01:19.327000,MEDIUM,1,16.0,79.327
ALB,Alexander Albon,Williams,0 days 00:01:19.347000,MEDIUM,1,16.0,79.347
ALB,Alexander Albon,Williams,0 days 00:01:19.415000,MEDIUM,1,16.0,79.415
ALB,Alexander Albon,Williams,0 days 00:01:19.343000,MEDIUM,1,16.0,79.343
ALB,Alexander Albon,Williams,0 days 00:01:19.189000,MEDIUM,1,16.0,79.189
ALB,Alexander Albon,Williams,0 days 00:01:19.248000,MEDIUM,1,16.0,79.248
ALB,Alexander Albon,Williams,0 days 00:01:19.133000,MEDIUM,1,16.0,79.133
ALB,Alexander Albon,Williams,0 days 00:01:19.260000,MEDIUM,1,16.0,79.26
ALB,Alexander Albon,Williams,0 days 00:01:20.461000,MEDIUM,1,16.0,80.461
ALB,Alexander Albon,Williams,0 days 00:01:19.647000,MEDIUM,1,16.0,79.647
ALB,Alexander Albon,Williams,0 days 00:01:19.374000,MEDIUM,1,16.0,79.374
ALB,Alexander Albon,Williams,0 days 00:01:19.307000,MEDIUM,1,16.0,79.307
ALB,Alexander Albon,Williams,0 days 00:01:19.419000,MEDIUM,1,16.0,79.419
NOR,Lando Norris,McLaren,0 days 00:01:20.072000,HARD,1,20.0,80.072
NOR,Lando Norris,McLaren,0 days 00:01:20.051000,HARD,1,20.0,80.051
NOR,Lando Norris,McLaren,0 days 00:01:20.241000,HARD,1,20.0,80.241
NOR,Lando Norris,McLaren,0 days 00:01:21.022000,HARD,1,20.0,81.022
NOR,Lando Norris,McLaren,0 days 00:01:20.818000,HARD,1,20.0,80.818
NOR,Lando Norris,McLaren,0 days 00:01:20.807000,HARD,1,20.0,80.807
NOR,Lando Norris,McLaren,0 days 00:01:21.170000,HARD,1,20.0,81.17
NOR,Lando Norris,McLaren,0 days 00:01:21.641000,HARD,1,20.0,81.641
NOR,Lando Norris,McLaren,0 days 00:01:21.093000,HARD,1,20.0,81.093
NOR,Lando Norris,McLaren,0 days 00:01:21.359000,HARD,1,20.0,81.359
NOR,Lando Norris,McLaren,0 days 00:01:21.428000,HARD,1,18.0,81.428
NOR,Lando Norris,McLaren,0 days 00:01:21.589000,HARD,1,18.0,81.589
NOR,Lando Norris,McLaren,0 days 00:01:19.705000,MEDIUM,1,20.0,79.705
NOR,Lando Norris,McLaren,0 days 00:01:20.056000,MEDIUM,1,20.0,80.056
NOR,Lando Norris,McLaren,0 days 00:01:19.975000,MEDIUM,1,20.0,79.975
NOR,Lando Norris,McLaren,0 days 00:01:19.880000,MEDIUM,1,20.0,79.88
NOR,Lando Norris,McLaren,0 days 00:01:20.091000,MEDIUM,1,20.0,80.091
NOR,Lando Norris,McLaren,0 days 00:01:20.076000,MEDIUM,1,20.0,80.076
NOR,Lando Norris,McLaren,0 days 00:01:20.125000,MEDIUM,1,20.0,80.125
NOR,Lando Norris,McLaren,0 days 00:01:20.117000,MEDIUM,1,20.0,80.117
NOR,Lando Norris,McLaren,0 days 00:01:19.942000,MEDIUM,1,20.0,79.942
NOR,Lando Norris,McLaren,0 days 00:01:19.803000,MEDIUM,1,20.0,79.803
NOR,Lando Norris,McLaren,0 days 00:01:20.248000,MEDIUM,1,20.0,80.248
NOR,Lando Norris,McLaren,0 days 00:01:20.288000,MEDIUM,1,20.0,80.288
NOR,Lando Norris,McLaren,0 days 00:01:20.499000,MEDIUM,1,19.0,80.499
NOR,Lando Norris,McLaren,0 days 00:01:20.461000,MEDIUM,1,18.0,80.461
NOR,Lando Norris,McLaren,0 days 00:01:20.469000,MEDIUM,1,16.0,80.469
NOR,Lando Norris,McLaren,0 days 00:01:19.881000,MEDIUM,1,16.0,79.881
NOR,Lando Norris,McLaren,0 days 00:01:20.992000,MEDIUM,1,17.0,80.992
NOR,Lando Norris,McLaren,0 days 00:01:20.707000,MEDIUM,1,16.0,80.707
NOR,Lando Norris,McLaren,0 days 00:01:19.576000,MEDIUM,1,16.0,79.576
NOR,Lando Norris,McLaren,0 days 00:01:19.865000,MEDIUM,1,15.0,79.865
NOR,Lando Norris,McLaren,0 days 00:01:19.925000,MEDIUM,1,15.0,79.925
NOR,Lando Norris,McLaren,0 days 00:01:19.896000,MEDIUM,1,15.0,79.896
NOR,Lando Norris,McLaren,0 days 00:01:20.146000,MEDIUM,1,15.0,80.146
NOR,Lando Norris,McLaren,0 days 00:01:19.863000,MEDIUM,1,15.0,79.863
NOR,Lando Norris,McLaren,0 days 00:01:19.826000,MEDIUM,1,15.0,79.826
NOR,Lando Norris,McLaren,0 days 00:01:18.809000,SOFT,1,20.0,78.809
NOR,Lando Norris,McLaren,0 days 00:01:17.287000,SOFT,1,19.0,77.287
NOR,Lando Norris,McLaren,0 days 00:01:18.746000,SOFT,1,19.0,78.746
NOR,Lando Norris,McLaren,0 days 00:01:17.182000,SOFT,1,18.0,77.182
NOR,Lando Norris,McLaren,0 days 00:01:17.939000,SOFT,1,18.0,77.939
NOR,Lando Norris,McLaren,0 days 00:01:18.160000,SOFT,1,18.0,78.16
NOR,Lando Norris,McLaren,0 days 00:01:18.412000,SOFT,1,18.0,78.412
NOR,Lando Norris,McLaren,0 days 00:01:20.534000,SOFT,1,18.0,80.534
NOR,Lando Norris,McLaren,0 days 00:01:20.532000,SOFT,1,18.0,80.532
NOR,Lando Norris,McLaren,0 days 00:01:19.503000,SOFT,1,18.0,79.503
NOR,Lando Norris,McLaren,0 days 00:01:19.430000,SOFT,1,18.0,79.43
NOR,Lando Norris,McLaren,0 days 00:01:19.360000,SOFT,1,18.0,79.36
NOR,Lando Norris,McLaren,0 days 00:01:19.022000,SOFT,1,17.0,79.022
NOR,Lando Norris,McLaren,0 days 00:01:18.833000,SOFT,1,17.0,78.833
MAG,Kevin Magnussen,Haas F1 Team,0 days 00:01:21.294000,SOFT,1,13.0,81.294
MAG,Kevin Magnussen,Haas F1 Team,0 days 00:01:21.593000,SOFT,1,13.0,81.593
MAG,Kevin Magnussen,Haas F1 Team,0 days 00:01:21.530000,SOFT,1,12.0,81.53
MAG,Kevin Magnussen,Haas F1 Team,0 days 00:01:20.176000,MEDIUM,1,18.0,80.176
MAG,Kevin Magnussen,Haas F1 Team,0 days 00:01:20.504000,MEDIUM,1,18.0,80.504
MAG,Kevin Magnussen,Haas F1 Team,0 days 00:01:20.706000,MEDIUM,1,17.0,80.706
MAG,Kevin Magnussen,Haas F1 Team,0 days 00:01:21.069000,MEDIUM,1,17.0,81.069
MAG,Kevin Magnussen,Haas F1 Team,0 days 00:01:21.119000,MEDIUM,1,17.0,81.119
MAG,Kevin Magnussen,Haas F1 Team,0 days 00:01:21.203000,MEDIUM,1,15.0,81.203
MAG,Kevin Magnussen,Haas F1 Team,0 days 00:01:21.031000,MEDIUM,1,13.0,81.031
MAG,Kevin Magnussen,Haas F1 Team,0 days 00:01:21.510000,MEDIUM,1,13.0,81.51
MAG,Kevin Magnussen,Haas F1 Team,0 days 00:01:21.662000,MEDIUM,1,13.0,81.662
MAG,Kevin Magnussen,Haas F1 Team,0 days 00:01:21.631000,MEDIUM,1,13.0,81.631
MAG,Kevin Magnussen,Haas F1 Team,0 days 00:01:19.412000,HARD,1,19.0,79.412
MAG,Kevin Magnussen,Haas F1 Team,0 days 00:01:19.009000,HARD,1,19.0,79.009
MAG,Kevin Magnussen,Haas F1 Team,0 days 00:01:19.264000,HARD,1,19.0,79.264
MAG,Kevin Magnussen,Haas F1 Team,0 days 00:01:19.627000,HARD,1,19.0,79.627
MAG,Kevin Magnussen,Haas F1 Team,0 days 00:01:19.734000,HARD,1,19.0,79.734
MAG,Kevin Magnussen,Haas F1 Team,0 days 00:01:19.980000,HARD,1,19.0,79.98
MAG,Kevin Magnussen,Haas F1 Team,0 days 00:01:20.401000,HARD,1,19.0,80.401
MAG,Kevin Magnussen,Haas F1 Team,0 days 00:01:20.774000,HARD,1,19.0,80.774
MAG,Kevin Magnussen,Haas F1 Team,0 days 00:01:20.679000,HARD,1,19.0,80.679
MAG,Kevin Magnussen,Haas F1 Team,0 days 00:01:20.085000,HARD,1,18.0,80.085
MAG,Kevin Magnussen,Haas F1 Team,0 days 00:01:20.459000,HARD,1,18.0,80.459
MAG,Kevin Magnussen,Haas F1 Team,0 days 00:01:21.479000,HARD,1,17.0,81.479
MAG,Kevin Magnussen,Haas F1 Team,0 days 00:01:19.939000,HARD,1,15.0,79.939
MAG,Kevin Magnussen,Haas F1 Team,0 days 00:01:20.194000,HARD,1,15.0,80.194
MAG,Kevin Magnussen,Haas F1 Team,0 days 00:01:18.069000,MEDIUM,1,19.0,78.069
MAG,Kevin Magnussen,Haas F1 Team,0 days 00:01:18.282000,MEDIUM,1,19.0,78.282
MAG,Kevin Magnussen,Haas F1 Team,0 days 00:01:18.851000,MEDIUM,1,19.0,78.851
MAG,Kevin Magnussen,Haas F1 Team,0 days 00:01:19.166000,MEDIUM,1,19.0,79.166
MAG,Kevin Magnussen,Haas F1 Team,0 days 00:01:18.700000,MEDIUM,1,18.0,78.7
MAG,Kevin Magnussen,Haas F1 Team,0 days 00:01:19.105000,MEDIUM,1,18.0,79.105
MAG,Kevin Magnussen,Haas F1 Team,0 days 00:01:18.980000,MEDIUM,1,18.0,78.98
MAG,Kevin Magnussen,Haas F1 Team,0 days 00:01:19.101000,MEDIUM,1,17.0,79.101
MAG,Kevin Magnussen,Haas F1 Team,0 days 00:01:19.345000,MEDIUM,1,17.0,79.345
MAG,Kevin Magnussen,Haas F1 Team,0 days 00:01:19.396000,MEDIUM,1,17.0,79.396
MAG,Kevin Magnussen,Haas F1 Team,0 days 00:01:19.311000,MEDIUM,1,17.0,79.311
MAG,Kevin Magnussen,Haas F1 Team,0 days 00:01:19.187000,MEDIUM,1,17.0,79.187
MAG,Kevin Magnussen,Haas F1 Team,0 days 00:01:19.389000,MEDIUM,1,17.0,79.389
MAG,Kevin Magnussen,Haas F1 Team,0 days 00:01:19.199000,MEDIUM,1,17.0,79.199
MAG,Kevin Magnussen,Haas F1 Team,0 days 00:01:19.397000,MEDIUM,1,17.0,79.397
MAG,Kevin Magnussen,Haas F1 Team,0 days 00:01:21.015000,MEDIUM,1,17.0,81.015
MAG,Kevin Magnussen,Haas F1 Team,0 days 00:01:20.310000,MEDIUM,1,17.0,80.31
MAG,Kevin Magnussen,Haas F1 Team,0 days 00:01:19.492000,MEDIUM,1,17.0,79.492
MAG,Kevin Magnussen,Haas F1 Team,0 days 00:01:19.407000,MEDIUM,1,17.0,79.407
MAG,Kevin Magnussen,Haas F1 Team,0 days 00:01:19.496000,MEDIUM,1,17.0,79.496
BOT,Valtteri Bottas,Alfa Romeo,0 days 00:01:20.188000,HARD,1,19.0,80.188
BOT,Valtteri Bottas,Alfa Romeo,0 days 00:01:19.955000,HARD,1,19.0,79.955
BOT,Valtteri Bottas,Alfa Romeo,0 days 00:01:20.485000,HARD,1,18.0,80.485
BOT,Valtteri Bottas,Alfa Romeo,0 days 00:01:21.560000,HARD,1,17.0,81.56
BOT,Valtteri Bottas,Alfa Romeo,0 days 00:01:21.190000,HARD,1,17.0,81.19
BOT,Valtteri Bottas,Alfa Romeo,0 days 00:01:20.805000,HARD,1,17.0,80.805
BOT,Valtteri Bottas,Alfa Romeo,0 days 00:01:21.419000,HARD,1,16.0,81.419
BOT,Valtteri Bottas,Alfa Romeo,0 days 00:01:21.578000,HARD,1,16.0,81.578
BOT,Valtteri Bottas,Alfa Romeo,0 days 00:01:21.673000,HARD,1,17.0,81.673
BOT,Valtteri Bottas,Alfa Romeo,0 days 00:01:21.559000,HARD,1,17.0,81.559
BOT,Valtteri Bottas,Alfa Romeo,0 days 00:01:21.219000,HARD,1,16.0,81.219
BOT,Valtteri Bottas,Alfa Romeo,0 days 00:01:21.205000,HARD,1,16.0,81.205
BOT,Valtteri Bottas,Alfa Romeo,0 days 00:01:21.150000,HARD,1,15.0,81.15
BOT,Valtteri Bottas,Alfa Romeo,0 days 00:01:21.253000,HARD,1,15.0,81.253
BOT,Valtteri Bottas,Alfa Romeo,0 days 00:01:21.141000,HARD,1,15.0,81.141
BOT,Valtteri Bottas,Alfa Romeo,0 days 00:01:20.866000,HARD,1,15.0,80.866
BOT,Valtteri Bottas,Alfa Romeo,0 days 00:01:20.928000,HARD,1,15.0,80.928
BOT,Valtteri Bottas,Alfa Romeo,0 days 00:01:21.081000,HARD,1,15.0,81.081
BOT,Valtteri Bottas,Alfa Romeo,0 days 00:01:21.425000,HARD,1,15.0,81.425
BOT,Valtteri Bottas,Alfa Romeo,0 days 00:01:21.606000,HARD,1,16.0,81.606
BOT,Valtteri Bottas,Alfa Romeo,0 days 00:01:20.472000,HARD,1,20.0,80.472
BOT,Valtteri Bottas,Alfa Romeo,0 days 00:01:19.706000,HARD,1,20.0,79.706
BOT,Valtteri Bottas,Alfa Romeo,0 days 00:01:20.158000,HARD,1,20.0,80.158
BOT,Valtteri Bottas,Alfa Romeo,0 days 00:01:19.292000,HARD,1,20.0,79.292
BOT,Valtteri Bottas,Alfa Romeo,0 days 00:01:18.885000,HARD,1,20.0,78.885
BOT,Valtteri Bottas,Alfa Romeo,0 days 00:01:18.956000,HARD,1,20.0,78.956
BOT,Valtteri Bottas,Alfa Romeo,0 days 00:01:19.498000,HARD,1,20.0,79.498
BOT,Valtteri Bottas,Alfa Romeo,0 days 00:01:19.208000,HARD,1,20.0,79.208
BOT,Valtteri Bottas,Alfa Romeo,0 days 00:01:18.242000,HARD,1,20.0,78.242
BOT,Valtteri Bottas,Alfa Romeo,0 days 00:01:19.231000,HARD,1,19.0,79.231
BOT,Valtteri Bottas,Alfa Romeo,0 days 00:01:19.531000,HARD,1,19.0,79.531
BOT,Valtteri Bottas,Alfa Romeo,0 days 00:01:21.381000,HARD,1,20.0,81.381
BOT,Valtteri Bottas,Alfa Romeo,0 days 00:01:20.104000,HARD,1,20.0,80.104
BOT,Valtteri Bottas,Alfa Romeo,0 days 00:01:19.523000,HARD,1,20.0,79.523
BOT,Valtteri Bottas,Alfa Romeo,0 days 00:01:21.435000,HARD,1,20.0,81.435
BOT,Valtteri Bottas,Alfa Romeo,0 days 00:01:19.922000,HARD,1,20.0,79.922
BOT,Valtteri Bottas,Alfa Romeo,0 days 00:01:21.352000,HARD,1,20.0,81.352
BOT,Valtteri Bottas,Alfa Romeo,0 days 00:01:19.359000,HARD,1,20.0,79.359
BOT,Valtteri Bottas,Alfa Romeo,0 days 00:01:19.704000,HARD,1,20.0,79.704
BOT,Valtteri Bottas,Alfa Romeo,0 days 00:01:18.959000,HARD,1,19.0,78.959
BOT,Valtteri Bottas,Alfa Romeo,0 days 00:01:19.720000,HARD,1,19.0,79.72
BOT,Valtteri Bottas,Alfa Romeo,0 days 00:01:19.774000,HARD,1,19.0,79.774
BOT,Valtteri Bottas,Alfa Romeo,0 days 00:01:20.781000,HARD,1,19.0,80.781
SAR,Logan Sargeant,Williams,0 days 00:01:21.665000,MEDIUM,1,18.0,81.665
SAR,Logan Sargeant,Williams,0 days 00:01:20.458000,HARD,1,20.0,80.458
SAR,Logan Sargeant,Williams,0 days 00:01:20.615000,HARD,1,20.0,80.615
SAR,Logan Sargeant,Williams,0 days 00:01:20.676000,HARD,1,20.0,80.676
SAR,Logan Sargeant,Williams,0 days 00:01:20.636000,HARD,1,20.0,80.636
SAR,Logan Sargeant,Williams,0 days 00:01:20.672000,HARD,1,19.0,80.672
SAR,Logan Sargeant,Williams,0 days 00:01:20.994000,HARD,1,19.0,80.994
SAR,Logan Sargeant,Williams,0 days 00:01:21.033000,HARD,1,18.0,81.033
SAR,Logan Sargeant,Williams,0 days 00:01:21.004000,HARD,1,18.0,81.004
SAR,Logan Sargeant,Williams,0 days 00:01:20.762000,HARD,1,17.0,80.762
SAR,Logan Sargeant,Williams,0 days 00:01:20.834000,HARD,1,17.0,80.834
SAR,Logan Sargeant,Williams,0 days 00:01:20.844000,HARD,1,17.0,80.844
SAR,Logan Sargeant,Williams,0 days 00:01:20.946000,HARD,1,17.0,80.946
SAR,Logan Sargeant,Williams,0 days 00:01:21.190000,HARD,1,18.0,81.19
SAR,Logan Sargeant,Williams,0 days 00:01:21.224000,HARD,1,18.0,81.224
SAR,Logan Sargeant,Williams,0 days 00:01:21.054000,HARD,1,18.0,81.054
SAR,Logan Sargeant,Williams,0 days 00:01:19.318000,HARD,1,20.0,79.318
SAR,Logan Sargeant,Williams,0 days 00:01:19.622000,HARD,1,20.0,79.622
SAR,Logan Sargeant,Williams,0 days 00:01:19.603000,HARD,1,19.0,79.603
SAR,Logan Sargeant,Williams,0 days 00:01:19.247000,HARD,1,19.0,79.247
SAR,Logan Sargeant,Williams,0 days 00:01:19.620000,HARD,1,19.0,79.62
SAR,Logan Sargeant,Williams,0 days 00:01:19.805000,HARD,1,18.0,79.805
SAR,Logan Sargeant,Williams,0 days 00:01:19.835000,HARD,1,18.0,79.835
SAR,Logan Sargeant,Williams,0 days 00:01:19.835000,HARD,1,18.0,79.835
SAR,Logan Sargeant,Williams,0 days 00:01:19.653000,HARD,1,18.0,79.653
SAR,Logan Sargeant,Williams,0 days 00:01:19.646000,HARD,1,18.0,79.646
SAR,Logan Sargeant,Williams,0 days 00:01:20.875000,HARD,1,19.0,80.875
SAR,Logan Sargeant,Williams,0 days 00:01:20.052000,HARD,1,19.0,80.052
SAR,Logan Sargeant,Williams,0 days 00:01:20.019000,HARD,1,19.0,80.019
SAR,Logan Sargeant,Williams,0 days 00:01:19.942000,HARD,1,18.0,79.942
SAR,Logan Sargeant,Williams,0 days 00:01:19.943000,HARD,1,18.0,79.943
SAR,Logan Sargeant,Williams,0 days 00:01:19.943000,HARD,1,18.0,79.943
SAR,Logan Sargeant,Williams,0 days 00:01:19.720000,HARD,1,18.0,79.72
SAR,Logan Sargeant,Williams,0 days 00:01:19.827000,HARD,1,19.0,79.827
SAR,Logan Sargeant,Williams,0 days 00:01:20.009000,HARD,1,19.0,80.009
SAR,Logan Sargeant,Williams,0 days 00:01:20.119000,HARD,1,19.0,80.119
SAR,Logan Sargeant,Williams,0 days 00:01:21.280000,HARD,1,20.0,81.28
SAR,Logan Sargeant,Williams,0 days 00:01:20.420000,HARD,1,20.0,80.42
SAR,Logan Sargeant,Williams,0 days 00:01:19.980000,HARD,1,20.0,79.98
SAR,Logan Sargeant,Williams,0 days 00:01:20.254000,HARD,1,20.0,80.254
